Codi_Ciutat,Data_Referencia,Variable,Valor,Codi_Districte,Codi_Barri
01,2000,Preu_Lloguer,6.0023943739649095,NA,NA
01,2001,Preu_Lloguer,6.873028918132878,NA,NA
01,2002,Preu_Lloguer,7.624638986077755,NA,NA
01,2003,Preu_Lloguer,7.99592297253202,NA,NA
01,2004,Preu_Lloguer,8.676605162225748,NA,NA
01,2005,Preu_Lloguer,9.637512028789049,NA,NA
01,2006,Preu_Lloguer,10.556925013672554,NA,NA
01,2007,Preu_Lloguer,11.544504594803458,NA,NA
01,2008,Preu_Lloguer,12.24287766082139,NA,NA
01,2009,Preu_Lloguer,11.919687632652737,NA,NA
01,2010,Preu_Lloguer,11.599056822658849,NA,NA
01,2011,Preu_Lloguer,11.382057608239858,NA,NA
01,2012,Preu_Lloguer,10.843923451165738,NA,NA
01,2013,Preu_Lloguer,10.288458765255807,NA,NA
01,2014,Preu_Lloguer,10.164248593816847,NA,NA
01,2015,Preu_Lloguer,11.0933,NA,11
01,2016,Preu_Lloguer,12.21602649349896,NA,NA
01,2017,Preu_Lloguer,13.364309328763367,NA,NA
01,2018,Preu_Lloguer,13.423019084703034,NA,NA
01,2019,Preu_Lloguer,13.982564822748149,NA,NA
01,2020,Preu_Lloguer,13.886346199378053,NA,NA
01,2021,Preu_Lloguer,13.205190645707269,NA,NA
01,2022,Preu_Lloguer,14.539699605568213,NA,NA
01,2023,Preu_Lloguer,16.104900553004857,NA,NA
NA,2000,Preu_Lloguer,5.528870568546405,01,NA
NA,2000,Preu_Lloguer,5.753806515856773,02,NA
NA,2000,Preu_Lloguer,6.054530627452976,03,NA
NA,2000,Preu_Lloguer,7.590490145595931,04,NA
NA,2000,Preu_Lloguer,7.40303745199043,05,NA
NA,2000,Preu_Lloguer,6.3197849179805,06,NA
NA,2000,Preu_Lloguer,5.750422725311728,07,NA
NA,2000,Preu_Lloguer,5.408727812525725,08,NA
NA,2000,Preu_Lloguer,5.46292903478308,09,NA
NA,2000,Preu_Lloguer,5.740469059714852,10,NA
NA,2001,Preu_Lloguer,6.431009509248491,01,NA
NA,2001,Preu_Lloguer,6.809718132405686,02,NA
NA,2001,Preu_Lloguer,6.681541047842147,03,NA
NA,2001,Preu_Lloguer,8.642025188792244,04,NA
NA,2001,Preu_Lloguer,8.239989245340707,05,NA
NA,2001,Preu_Lloguer,7.04289028047187,06,NA
NA,2001,Preu_Lloguer,6.447715454270974,07,NA
NA,2001,Preu_Lloguer,6.245917340053449,08,NA
NA,2001,Preu_Lloguer,6.081087361281004,09,NA
NA,2001,Preu_Lloguer,6.501688217500409,10,NA
NA,2002,Preu_Lloguer,7.2899170580687445,01,NA
NA,2002,Preu_Lloguer,7.46612493553679,02,NA
NA,2002,Preu_Lloguer,7.510634263348003,03,NA
NA,2002,Preu_Lloguer,8.895366290573323,04,NA
NA,2002,Preu_Lloguer,9.063605928222552,05,NA
NA,2002,Preu_Lloguer,8.079914909394859,06,NA
NA,2002,Preu_Lloguer,7.088646849615401,07,NA
NA,2002,Preu_Lloguer,7.1524886263823415,08,NA
NA,2002,Preu_Lloguer,6.714628553391393,09,NA
NA,2002,Preu_Lloguer,7.470087545935471,10,NA
NA,2003,Preu_Lloguer,7.585765835290708,01,NA
NA,2003,Preu_Lloguer,7.881907031467924,02,NA
NA,2003,Preu_Lloguer,7.7653972898011565,03,NA
NA,2003,Preu_Lloguer,9.343052417774599,04,NA
NA,2003,Preu_Lloguer,9.354016716819235,05,NA
NA,2003,Preu_Lloguer,8.414799619480506,06,NA
NA,2003,Preu_Lloguer,7.6513971380237695,07,NA
NA,2003,Preu_Lloguer,7.280711122228756,08,NA
NA,2003,Preu_Lloguer,7.251006139438733,09,NA
NA,2003,Preu_Lloguer,7.652149223977344,10,NA
NA,2004,Preu_Lloguer,8.564199829001941,01,NA
NA,2004,Preu_Lloguer,8.45316270662143,02,NA
NA,2004,Preu_Lloguer,8.68214719778857,03,NA
NA,2004,Preu_Lloguer,9.95950767570113,04,NA
NA,2004,Preu_Lloguer,10.004103999309109,05,NA
NA,2004,Preu_Lloguer,9.267069891529525,06,NA
NA,2004,Preu_Lloguer,8.278920866618337,07,NA
NA,2004,Preu_Lloguer,7.944112744982352,08,NA
NA,2004,Preu_Lloguer,7.8470407597635505,09,NA
NA,2004,Preu_Lloguer,8.201924346359524,10,NA
NA,2005,Preu_Lloguer,9.764863928577377,01,NA
NA,2005,Preu_Lloguer,9.485811836007874,02,NA
NA,2005,Preu_Lloguer,9.50581472376671,03,NA
NA,2005,Preu_Lloguer,10.782921212171662,04,NA
NA,2005,Preu_Lloguer,10.847407787241837,05,NA
NA,2005,Preu_Lloguer,10.175668348196968,06,NA
NA,2005,Preu_Lloguer,9.183358516864777,07,NA
NA,2005,Preu_Lloguer,8.88368005976872,08,NA
NA,2005,Preu_Lloguer,8.984136292349216,09,NA
NA,2005,Preu_Lloguer,9.202702900750932,10,NA
NA,2006,Preu_Lloguer,10.690950547944995,01,NA
NA,2006,Preu_Lloguer,10.262810033931741,02,NA
NA,2006,Preu_Lloguer,10.48661572326804,03,NA
NA,2006,Preu_Lloguer,11.852606520121242,04,NA
NA,2006,Preu_Lloguer,11.63110269485548,05,NA
NA,2006,Preu_Lloguer,11.255501748332295,06,NA
NA,2006,Preu_Lloguer,10.179317263486956,07,NA
NA,2006,Preu_Lloguer,9.937049050961578,08,NA
NA,2006,Preu_Lloguer,9.5660905961119,09,NA
NA,2006,Preu_Lloguer,10.347841618899121,10,NA
NA,2007,Preu_Lloguer,11.603486408912405,01,NA
NA,2007,Preu_Lloguer,11.26392923970429,02,NA
NA,2007,Preu_Lloguer,11.28037382189527,03,NA
NA,2007,Preu_Lloguer,13.0100295942631,04,NA
NA,2007,Preu_Lloguer,12.709287762313615,05,NA
NA,2007,Preu_Lloguer,12.45310321758511,06,NA
NA,2007,Preu_Lloguer,11.078195925581714,07,NA
NA,2007,Preu_Lloguer,10.825412200373641,08,NA
NA,2007,Preu_Lloguer,10.724708283111191,09,NA
NA,2007,Preu_Lloguer,11.214457967313717,10,NA
NA,2008,Preu_Lloguer,12.56505038014654,01,NA
NA,2008,Preu_Lloguer,11.89104061741537,02,NA
NA,2008,Preu_Lloguer,12.220043119395726,03,NA
NA,2008,Preu_Lloguer,13.377185614119131,04,NA
NA,2008,Preu_Lloguer,13.288333321785734,05,NA
NA,2008,Preu_Lloguer,13.016717442618166,06,NA
NA,2008,Preu_Lloguer,12.038412491085989,07,NA
NA,2008,Preu_Lloguer,11.479856545605465,08,NA
NA,2008,Preu_Lloguer,11.453578661609699,09,NA
NA,2008,Preu_Lloguer,11.839602769884259,10,NA
NA,2009,Preu_Lloguer,12.415282407223172,01,NA
NA,2009,Preu_Lloguer,11.64339566631942,02,NA
NA,2009,Preu_Lloguer,11.905331021075812,03,NA
NA,2009,Preu_Lloguer,12.91152067604913,04,NA
NA,2009,Preu_Lloguer,12.853166083920865,05,NA
NA,2009,Preu_Lloguer,12.810799177577069,06,NA
NA,2009,Preu_Lloguer,11.388754622669026,07,NA
NA,2009,Preu_Lloguer,11.172902274433385,08,NA
NA,2009,Preu_Lloguer,11.135617408920202,09,NA
NA,2009,Preu_Lloguer,11.592415122394192,10,NA
NA,2010,Preu_Lloguer,12.071577026062748,01,NA
NA,2010,Preu_Lloguer,11.344243846529984,02,NA
NA,2010,Preu_Lloguer,11.547265358222283,03,NA
NA,2010,Preu_Lloguer,12.313655228326642,04,NA
NA,2010,Preu_Lloguer,12.805247722084996,05,NA
NA,2010,Preu_Lloguer,12.566051944349201,06,NA
NA,2010,Preu_Lloguer,10.803945029523524,07,NA
NA,2010,Preu_Lloguer,10.738417949910426,08,NA
NA,2010,Preu_Lloguer,10.653364382097179,09,NA
NA,2010,Preu_Lloguer,11.227628988174132,10,NA
NA,2011,Preu_Lloguer,12.046659009009009,01,NA
NA,2011,Preu_Lloguer,11.187998967157943,02,NA
NA,2011,Preu_Lloguer,11.29854841457643,03,NA
NA,2011,Preu_Lloguer,12.115797311827958,04,NA
NA,2011,Preu_Lloguer,12.793460322580646,05,NA
NA,2011,Preu_Lloguer,12.030903639514733,06,NA
NA,2011,Preu_Lloguer,10.567539344262295,07,NA
NA,2011,Preu_Lloguer,10.33118685320046,08,NA
NA,2011,Preu_Lloguer,10.449476738609112,09,NA
NA,2011,Preu_Lloguer,10.896385520593501,10,NA
NA,2012,Preu_Lloguer,11.655650131989441,01,NA
NA,2012,Preu_Lloguer,10.752241735849056,02,NA
NA,2012,Preu_Lloguer,10.760943246697911,03,NA
NA,2012,Preu_Lloguer,11.615526112565446,04,NA
NA,2012,Preu_Lloguer,12.265352020460359,05,NA
NA,2012,Preu_Lloguer,11.393149976303317,06,NA
NA,2012,Preu_Lloguer,10.0970948964275,07,NA
NA,2012,Preu_Lloguer,9.47812604925425,08,NA
NA,2012,Preu_Lloguer,9.840602150929637,09,NA
NA,2012,Preu_Lloguer,10.481658379888268,10,NA
NA,2013,Preu_Lloguer,11.37974133123454,01,NA
NA,2013,Preu_Lloguer,10.240287233827834,02,NA
NA,2013,Preu_Lloguer,10.10302059119244,03,NA
NA,2013,Preu_Lloguer,11.179403518123666,04,NA
NA,2013,Preu_Lloguer,11.724962031213604,05,NA
NA,2013,Preu_Lloguer,10.954201653439153,06,NA
NA,2013,Preu_Lloguer,9.322885312831389,07,NA
NA,2013,Preu_Lloguer,8.747263415414135,08,NA
NA,2013,Preu_Lloguer,9.206498129307516,09,NA
NA,2013,Preu_Lloguer,9.87278636081835,10,NA
NA,2014,Preu_Lloguer,11.381340225650472,01,NA
NA,2014,Preu_Lloguer,10.276293912485288,02,NA
NA,2014,Preu_Lloguer,9.886286362719387,03,NA
NA,2014,Preu_Lloguer,11.010504704016913,04,NA
NA,2014,Preu_Lloguer,11.861020264623958,05,NA
NA,2014,Preu_Lloguer,10.771540234461401,06,NA
NA,2014,Preu_Lloguer,9.026705138852842,07,NA
NA,2014,Preu_Lloguer,8.397351861042184,08,NA
NA,2014,Preu_Lloguer,8.862924061882818,09,NA
NA,2014,Preu_Lloguer,9.747699310064935,10,NA
NA,2015,Preu_Lloguer,12.4479,01,NA
NA,2015,Preu_Lloguer,11.1788,02,NA
NA,2015,Preu_Lloguer,10.6603,03,NA
NA,2015,Preu_Lloguer,11.9732,04,NA
NA,2015,Preu_Lloguer,12.9586,05,NA
NA,2015,Preu_Lloguer,11.819,06,NA
NA,2015,Preu_Lloguer,9.9169,07,NA
NA,2015,Preu_Lloguer,8.865,08,NA
NA,2015,Preu_Lloguer,9.6108,09,NA
NA,2015,Preu_Lloguer,10.6448,10,NA
NA,2016,Preu_Lloguer,13.89518831288294,01,NA
NA,2016,Preu_Lloguer,12.389522609971669,02,NA
NA,2016,Preu_Lloguer,11.662248987586233,03,NA
NA,2016,Preu_Lloguer,13.167702948259311,04,NA
NA,2016,Preu_Lloguer,14.314498634345624,05,NA
NA,2016,Preu_Lloguer,12.947468825060266,06,NA
NA,2016,Preu_Lloguer,10.731193343944957,07,NA
NA,2016,Preu_Lloguer,9.647198617597638,08,NA
NA,2016,Preu_Lloguer,10.39101392041707,09,NA
NA,2016,Preu_Lloguer,11.739008175361821,10,NA
NA,2017,Preu_Lloguer,15.45951524758456,01,NA
NA,2017,Preu_Lloguer,13.425711852306698,02,NA
NA,2017,Preu_Lloguer,12.916237980873365,03,NA
NA,2017,Preu_Lloguer,14.222910061125784,04,NA
NA,2017,Preu_Lloguer,15.429479366436746,05,NA
NA,2017,Preu_Lloguer,14.251854730867938,06,NA
NA,2017,Preu_Lloguer,11.880497769484727,07,NA
NA,2017,Preu_Lloguer,10.553408355252381,08,NA
NA,2017,Preu_Lloguer,11.364525518239503,09,NA
NA,2017,Preu_Lloguer,12.90072470859041,10,NA
NA,2018,Preu_Lloguer,14.456812340721505,01,NA
NA,2018,Preu_Lloguer,13.730797573701322,02,NA
NA,2018,Preu_Lloguer,13.013694474684304,03,NA
NA,2018,Preu_Lloguer,14.521214663295696,04,NA
NA,2018,Preu_Lloguer,15.438745019226067,05,NA
NA,2018,Preu_Lloguer,14.044274648500572,06,NA
NA,2018,Preu_Lloguer,11.869339525053261,07,NA
NA,2018,Preu_Lloguer,11.222201644361979,08,NA
NA,2018,Preu_Lloguer,11.743619828288631,09,NA
NA,2018,Preu_Lloguer,13.213822614293845,10,NA
NA,2019,Preu_Lloguer,14.772021976328322,01,NA
NA,2019,Preu_Lloguer,14.340369255043607,02,NA
NA,2019,Preu_Lloguer,13.493589714959217,03,NA
NA,2019,Preu_Lloguer,14.953949641015377,04,NA
NA,2019,Preu_Lloguer,15.712232019076895,05,NA
NA,2019,Preu_Lloguer,14.633716285034627,06,NA
NA,2019,Preu_Lloguer,12.713419643073012,07,NA
NA,2019,Preu_Lloguer,11.704159077470246,08,NA
NA,2019,Preu_Lloguer,12.213270393683214,09,NA
NA,2019,Preu_Lloguer,13.851504208454157,10,NA
NA,2020,Preu_Lloguer,14.341541644446082,01,NA
NA,2020,Preu_Lloguer,14.216685034875972,02,NA
NA,2020,Preu_Lloguer,13.643583254324422,03,NA
NA,2020,Preu_Lloguer,14.671889257276028,04,NA
NA,2020,Preu_Lloguer,15.592312870831625,05,NA
NA,2020,Preu_Lloguer,14.43855476244581,06,NA
NA,2020,Preu_Lloguer,12.784910097589817,07,NA
NA,2020,Preu_Lloguer,11.721067925385093,08,NA
NA,2020,Preu_Lloguer,12.348724777227934,09,NA
NA,2020,Preu_Lloguer,13.791971112621141,10,NA
NA,2021,Preu_Lloguer,13.24139555443576,01,NA
NA,2021,Preu_Lloguer,13.34610317373871,02,NA
NA,2021,Preu_Lloguer,12.966141929269163,03,NA
NA,2021,Preu_Lloguer,13.841062112239207,04,NA
NA,2021,Preu_Lloguer,14.864003111831288,05,NA
NA,2021,Preu_Lloguer,13.807720299954452,06,NA
NA,2021,Preu_Lloguer,12.223027829637541,07,NA
NA,2021,Preu_Lloguer,11.280114367425028,08,NA
NA,2021,Preu_Lloguer,11.732442117582501,09,NA
NA,2021,Preu_Lloguer,13.305868978072832,10,NA
NA,2022,Preu_Lloguer,15.789267381025752,01,NA
NA,2022,Preu_Lloguer,14.934769543662117,02,NA
NA,2022,Preu_Lloguer,14.077912813956655,03,NA
NA,2022,Preu_Lloguer,15.232211739502759,04,NA
NA,2022,Preu_Lloguer,16.227019849117223,05,NA
NA,2022,Preu_Lloguer,15.284601027755764,06,NA
NA,2022,Preu_Lloguer,13.095282212156635,07,NA
NA,2022,Preu_Lloguer,12.078221950662728,08,NA
NA,2022,Preu_Lloguer,12.512591464930761,09,NA
NA,2022,Preu_Lloguer,14.486667405044841,10,NA
NA,2023,Preu_Lloguer,16.66173830392601,01,NA
NA,2023,Preu_Lloguer,16.51219860805007,02,NA
NA,2023,Preu_Lloguer,16.325533372875455,03,NA
NA,2023,Preu_Lloguer,16.768752005266844,04,NA
NA,2023,Preu_Lloguer,18.24403261856667,05,NA
NA,2023,Preu_Lloguer,16.881796281514262,06,NA
NA,2023,Preu_Lloguer,14.478023732600183,07,NA
NA,2023,Preu_Lloguer,13.258638178691509,08,NA
NA,2023,Preu_Lloguer,13.83335646289028,09,NA
NA,2023,Preu_Lloguer,16.17791361058518,10,NA
NA,2013,Preu_Lloguer,10.47,NA,01
NA,2013,Preu_Lloguer,10.54,NA,02
NA,2013,Preu_Lloguer,15.15,NA,03
NA,2013,Preu_Lloguer,11.24,NA,04
NA,2013,Preu_Lloguer,9.98,NA,05
NA,2013,Preu_Lloguer,10.46,NA,06
NA,2013,Preu_Lloguer,10.06,NA,07
NA,2013,Preu_Lloguer,10.48,NA,08
NA,2013,Preu_Lloguer,10.42,NA,09
NA,2013,Preu_Lloguer,10.01,NA,10
NA,2013,Preu_Lloguer,10.19,NA,11
NA,2013,Preu_Lloguer,6.6071,NA,12
NA,2013,Preu_Lloguer,7.99,NA,13
NA,2013,Preu_Lloguer,10.62,NA,14
NA,2013,Preu_Lloguer,10.27,NA,15
NA,2013,Preu_Lloguer,9.31,NA,16
NA,2013,Preu_Lloguer,9.94,NA,17
NA,2013,Preu_Lloguer,10.07,NA,18
NA,2013,Preu_Lloguer,11.07,NA,19
NA,2013,Preu_Lloguer,10.38,NA,20
NA,2013,Preu_Lloguer,12.33,NA,21
NA,2013,Preu_Lloguer,10.6,NA,22
NA,2013,Preu_Lloguer,13.59,NA,23
NA,2013,Preu_Lloguer,13.52,NA,24
NA,2013,Preu_Lloguer,11.55,NA,25
NA,2013,Preu_Lloguer,11.69,NA,26
NA,2013,Preu_Lloguer,11.01,NA,27
NA,2013,Preu_Lloguer,10.26,NA,28
NA,2013,Preu_Lloguer,9.52,NA,29
NA,2013,Preu_Lloguer,9.97,NA,30
NA,2013,Preu_Lloguer,11.25,NA,31
NA,2013,Preu_Lloguer,10.36,NA,32
NA,2013,Preu_Lloguer,9.56,NA,33
NA,2013,Preu_Lloguer,9.42,NA,34
NA,2013,Preu_Lloguer,9.18,NA,35
NA,2013,Preu_Lloguer,9.26,NA,36
NA,2013,Preu_Lloguer,8.63,NA,37
NA,2013,Preu_Lloguer,8.35,NA,38
NA,2013,Preu_Lloguer,7.75,NA,39
NA,2013,Preu_Lloguer,9.27,NA,40
NA,2013,Preu_Lloguer,9.95,NA,41
NA,2013,Preu_Lloguer,10.45,NA,42
NA,2013,Preu_Lloguer,8.94,NA,43
NA,2013,Preu_Lloguer,8.8,NA,44
NA,2013,Preu_Lloguer,8.64,NA,45
NA,2013,Preu_Lloguer,7.81,NA,46
NA,2013,Preu_Lloguer,5.29,NA,47
NA,2013,Preu_Lloguer,8.21,NA,48
NA,2013,Preu_Lloguer,6.98,NA,49
NA,2013,Preu_Lloguer,8.33,NA,50
NA,2013,Preu_Lloguer,9.22,NA,51
NA,2013,Preu_Lloguer,8.9,NA,52
NA,2013,Preu_Lloguer,8.54,NA,53
NA,2013,Preu_Lloguer,5.92,NA,54
NA,2013,Preu_Lloguer,6.38,NA,55
NA,2013,Preu_Lloguer,4.25,NA,56
NA,2013,Preu_Lloguer,6.98,NA,57
NA,2013,Preu_Lloguer,3.92,NA,58
NA,2013,Preu_Lloguer,8.05,NA,59
NA,2013,Preu_Lloguer,9.19,NA,60
NA,2013,Preu_Lloguer,9.05,NA,61
NA,2013,Preu_Lloguer,9.24,NA,62
NA,2013,Preu_Lloguer,8.91,NA,63
NA,2013,Preu_Lloguer,9.74,NA,64
NA,2013,Preu_Lloguer,9.63,NA,65
NA,2013,Preu_Lloguer,10.24,NA,66
NA,2013,Preu_Lloguer,13.18,NA,67
NA,2013,Preu_Lloguer,10.57,NA,68
NA,2013,Preu_Lloguer,11.18,NA,69
NA,2013,Preu_Lloguer,7.74,NA,70
NA,2013,Preu_Lloguer,9.67,NA,71
NA,2013,Preu_Lloguer,8.88,NA,72
NA,2013,Preu_Lloguer,8.32,NA,73
NA,2014,Preu_Lloguer,10.47,NA,01
NA,2014,Preu_Lloguer,10.54,NA,02
NA,2014,Preu_Lloguer,15.15,NA,03
NA,2014,Preu_Lloguer,11.24,NA,04
NA,2014,Preu_Lloguer,9.98,NA,05
NA,2014,Preu_Lloguer,10.46,NA,06
NA,2014,Preu_Lloguer,10.06,NA,07
NA,2014,Preu_Lloguer,10.48,NA,08
NA,2014,Preu_Lloguer,10.42,NA,09
NA,2014,Preu_Lloguer,10.01,NA,10
NA,2014,Preu_Lloguer,10.19,NA,11
NA,2014,Preu_Lloguer,6.6071,NA,12
NA,2014,Preu_Lloguer,7.99,NA,13
NA,2014,Preu_Lloguer,10.62,NA,14
NA,2014,Preu_Lloguer,10.27,NA,15
NA,2014,Preu_Lloguer,9.31,NA,16
NA,2014,Preu_Lloguer,9.94,NA,17
NA,2014,Preu_Lloguer,10.07,NA,18
NA,2014,Preu_Lloguer,11.07,NA,19
NA,2014,Preu_Lloguer,10.38,NA,20
NA,2014,Preu_Lloguer,12.33,NA,21
NA,2014,Preu_Lloguer,10.6,NA,22
NA,2014,Preu_Lloguer,13.59,NA,23
NA,2014,Preu_Lloguer,13.52,NA,24
NA,2014,Preu_Lloguer,11.55,NA,25
NA,2014,Preu_Lloguer,11.69,NA,26
NA,2014,Preu_Lloguer,11.01,NA,27
NA,2014,Preu_Lloguer,10.26,NA,28
NA,2014,Preu_Lloguer,9.52,NA,29
NA,2014,Preu_Lloguer,9.97,NA,30
NA,2014,Preu_Lloguer,11.25,NA,31
NA,2014,Preu_Lloguer,10.36,NA,32
NA,2014,Preu_Lloguer,9.56,NA,33
NA,2014,Preu_Lloguer,9.42,NA,34
NA,2014,Preu_Lloguer,9.18,NA,35
NA,2014,Preu_Lloguer,9.26,NA,36
NA,2014,Preu_Lloguer,8.63,NA,37
NA,2014,Preu_Lloguer,8.35,NA,38
NA,2014,Preu_Lloguer,7.75,NA,39
NA,2014,Preu_Lloguer,9.27,NA,40
NA,2014,Preu_Lloguer,9.95,NA,41
NA,2014,Preu_Lloguer,10.45,NA,42
NA,2014,Preu_Lloguer,8.94,NA,43
NA,2014,Preu_Lloguer,8.8,NA,44
NA,2014,Preu_Lloguer,8.64,NA,45
NA,2014,Preu_Lloguer,7.81,NA,46
NA,2014,Preu_Lloguer,5.29,NA,47
NA,2014,Preu_Lloguer,8.21,NA,48
NA,2014,Preu_Lloguer,6.98,NA,49
NA,2014,Preu_Lloguer,8.33,NA,50
NA,2014,Preu_Lloguer,9.22,NA,51
NA,2014,Preu_Lloguer,8.9,NA,52
NA,2014,Preu_Lloguer,8.54,NA,53
NA,2014,Preu_Lloguer,5.92,NA,54
NA,2014,Preu_Lloguer,6.38,NA,55
NA,2014,Preu_Lloguer,4.25,NA,56
NA,2014,Preu_Lloguer,6.98,NA,57
NA,2014,Preu_Lloguer,3.92,NA,58
NA,2014,Preu_Lloguer,8.05,NA,59
NA,2014,Preu_Lloguer,9.19,NA,60
NA,2014,Preu_Lloguer,9.05,NA,61
NA,2014,Preu_Lloguer,9.24,NA,62
NA,2014,Preu_Lloguer,8.91,NA,63
NA,2014,Preu_Lloguer,9.74,NA,64
NA,2014,Preu_Lloguer,9.63,NA,65
NA,2014,Preu_Lloguer,10.24,NA,66
NA,2014,Preu_Lloguer,13.18,NA,67
NA,2014,Preu_Lloguer,10.57,NA,68
NA,2014,Preu_Lloguer,11.18,NA,69
NA,2014,Preu_Lloguer,7.74,NA,70
NA,2014,Preu_Lloguer,9.67,NA,71
NA,2014,Preu_Lloguer,8.88,NA,72
NA,2014,Preu_Lloguer,8.32,NA,73
NA,2015,Preu_Lloguer,11.1045,NA,01
NA,2015,Preu_Lloguer,11.2094,NA,02
NA,2015,Preu_Lloguer,16.3294,NA,03
NA,2015,Preu_Lloguer,12.6979,NA,04
NA,2015,Preu_Lloguer,10.8908,NA,05
NA,2015,Preu_Lloguer,11.1051,NA,06
NA,2015,Preu_Lloguer,11.2916,NA,07
NA,2015,Preu_Lloguer,11.3658,NA,08
NA,2015,Preu_Lloguer,11.2679,NA,09
NA,2015,Preu_Lloguer,10.9577,NA,10
NA,2015,Preu_Lloguer,6.6071,NA,12
NA,2015,Preu_Lloguer,8.3625,NA,13
NA,2015,Preu_Lloguer,11.3287,NA,14
NA,2015,Preu_Lloguer,11.1196,NA,15
NA,2015,Preu_Lloguer,9.8429,NA,16
NA,2015,Preu_Lloguer,10.7392,NA,17
NA,2015,Preu_Lloguer,10.992,NA,18
NA,2015,Preu_Lloguer,11.8488,NA,19
NA,2015,Preu_Lloguer,11.4229,NA,20
NA,2015,Preu_Lloguer,14.1453,NA,21
NA,2015,Preu_Lloguer,12.1003,NA,22
NA,2015,Preu_Lloguer,14.5361,NA,23
NA,2015,Preu_Lloguer,13.9673,NA,24
NA,2015,Preu_Lloguer,12.8241,NA,25
NA,2015,Preu_Lloguer,12.7318,NA,26
NA,2015,Preu_Lloguer,12.3254,NA,27
NA,2015,Preu_Lloguer,11.5532,NA,28
NA,2015,Preu_Lloguer,9.8996,NA,29
NA,2015,Preu_Lloguer,11.2769,NA,30
NA,2015,Preu_Lloguer,12.305,NA,31
NA,2015,Preu_Lloguer,11.3303,NA,32
NA,2015,Preu_Lloguer,10.5654,NA,33
NA,2015,Preu_Lloguer,10.0925,NA,34
NA,2015,Preu_Lloguer,10.3596,NA,35
NA,2015,Preu_Lloguer,11.373,NA,36
NA,2015,Preu_Lloguer,9.1085,NA,37
NA,2015,Preu_Lloguer,9.509,NA,38
NA,2015,Preu_Lloguer,8.3222,NA,39
NA,2015,Preu_Lloguer,10.0705,NA,40
NA,2015,Preu_Lloguer,10.0733,NA,41
NA,2015,Preu_Lloguer,7.9685,NA,42
NA,2015,Preu_Lloguer,9.5169,NA,43
NA,2015,Preu_Lloguer,9.321,NA,44
NA,2015,Preu_Lloguer,9.1018,NA,45
NA,2015,Preu_Lloguer,8.3371,NA,46
NA,2015,Preu_Lloguer,5.7937,NA,47
NA,2015,Preu_Lloguer,8.1706,NA,48
NA,2015,Preu_Lloguer,7.2142,NA,49
NA,2015,Preu_Lloguer,8.7248,NA,50
NA,2015,Preu_Lloguer,9.1444,NA,51
NA,2015,Preu_Lloguer,9.6347,NA,52
NA,2015,Preu_Lloguer,8.787,NA,53
NA,2015,Preu_Lloguer,6.0594,NA,54
NA,2015,Preu_Lloguer,6.6154,NA,55
NA,2015,Preu_Lloguer,6.657,NA,56
NA,2015,Preu_Lloguer,8.0063,NA,57
NA,2015,Preu_Lloguer,4.7787,NA,58
NA,2015,Preu_Lloguer,8.8203,NA,59
NA,2015,Preu_Lloguer,10.0344,NA,60
NA,2015,Preu_Lloguer,9.734,NA,61
NA,2015,Preu_Lloguer,9.4546,NA,62
NA,2015,Preu_Lloguer,9.7254,NA,63
NA,2015,Preu_Lloguer,10.6257,NA,64
NA,2015,Preu_Lloguer,10.3108,NA,65
NA,2015,Preu_Lloguer,11.4877,NA,66
NA,2015,Preu_Lloguer,14.2878,NA,67
NA,2015,Preu_Lloguer,11.7336,NA,68
NA,2015,Preu_Lloguer,12.4914,NA,69
NA,2015,Preu_Lloguer,8.3818,NA,70
NA,2015,Preu_Lloguer,9.9554,NA,71
NA,2015,Preu_Lloguer,9.4005,NA,72
NA,2015,Preu_Lloguer,9.0998,NA,73
NA,2016,Preu_Lloguer,12.263659931586538,NA,01
NA,2016,Preu_Lloguer,13.042660533961676,NA,02
NA,2016,Preu_Lloguer,18.17697755844291,NA,03
NA,2016,Preu_Lloguer,14.089730912022375,NA,04
NA,2016,Preu_Lloguer,11.757594400053952,NA,05
NA,2016,Preu_Lloguer,12.199300582122477,NA,06
NA,2016,Preu_Lloguer,12.857185694822002,NA,07
NA,2016,Preu_Lloguer,12.72613109643339,NA,08
NA,2016,Preu_Lloguer,12.374657999869669,NA,09
NA,2016,Preu_Lloguer,12.081891072059976,NA,10
NA,2016,Preu_Lloguer,12.279045541600153,NA,11
NA,2016,Preu_Lloguer,5.872399166666667,NA,12
NA,2016,Preu_Lloguer,8.866678254785983,NA,13
NA,2016,Preu_Lloguer,12.045714668519281,NA,14
NA,2016,Preu_Lloguer,12.155496848298746,NA,15
NA,2016,Preu_Lloguer,10.818964766248092,NA,16
NA,2016,Preu_Lloguer,11.745642183883282,NA,17
NA,2016,Preu_Lloguer,11.889901395961813,NA,18
NA,2016,Preu_Lloguer,13.043827201183602,NA,19
NA,2016,Preu_Lloguer,12.907779683452826,NA,20
NA,2016,Preu_Lloguer,14.649640166198667,NA,21
NA,2016,Preu_Lloguer,15.080122378409715,NA,22
NA,2016,Preu_Lloguer,15.93577524576695,NA,23
NA,2016,Preu_Lloguer,15.644186976240649,NA,24
NA,2016,Preu_Lloguer,14.21909035886717,NA,25
NA,2016,Preu_Lloguer,13.777208165609851,NA,26
NA,2016,Preu_Lloguer,13.727667807074935,NA,27
NA,2016,Preu_Lloguer,12.65328067966951,NA,28
NA,2016,Preu_Lloguer,11.227775077375467,NA,29
NA,2016,Preu_Lloguer,12.11431159818923,NA,30
NA,2016,Preu_Lloguer,13.497833940844561,NA,31
NA,2016,Preu_Lloguer,12.481443701651234,NA,32
NA,2016,Preu_Lloguer,11.434791486332804,NA,33
NA,2016,Preu_Lloguer,11.495009974486086,NA,34
NA,2016,Preu_Lloguer,11.141579647760567,NA,35
NA,2016,Preu_Lloguer,11.89289610739483,NA,36
NA,2016,Preu_Lloguer,9.821304588678311,NA,37
NA,2016,Preu_Lloguer,10.181073895015938,NA,38
NA,2016,Preu_Lloguer,8.729450674866046,NA,39
NA,2016,Preu_Lloguer,10.293969724135787,NA,40
NA,2016,Preu_Lloguer,11.233054566684174,NA,41
NA,2016,Preu_Lloguer,12.32197980216241,NA,42
NA,2016,Preu_Lloguer,10.604753246726336,NA,43
NA,2016,Preu_Lloguer,10.489836568446588,NA,44
NA,2016,Preu_Lloguer,10.046322730252864,NA,45
NA,2016,Preu_Lloguer,9.453471129806989,NA,46
NA,2016,Preu_Lloguer,8.07146571061543,NA,47
NA,2016,Preu_Lloguer,8.784614277028165,NA,48
NA,2016,Preu_Lloguer,8.039330147660692,NA,49
NA,2016,Preu_Lloguer,9.360139362177568,NA,50
NA,2016,Preu_Lloguer,10.098426851539275,NA,51
NA,2016,Preu_Lloguer,10.297915101874342,NA,52
NA,2016,Preu_Lloguer,8.597078544540132,NA,53
NA,2016,Preu_Lloguer,7.393487300435411,NA,54
NA,2016,Preu_Lloguer,6.97053249567396,NA,55
NA,2016,Preu_Lloguer,7.9019086278654935,NA,56
NA,2016,Preu_Lloguer,8.509226671510785,NA,57
NA,2016,Preu_Lloguer,3.516845571265721,NA,58
NA,2016,Preu_Lloguer,8.711187605241138,NA,59
NA,2016,Preu_Lloguer,10.898830832964741,NA,60
NA,2016,Preu_Lloguer,10.494395634859442,NA,61
NA,2016,Preu_Lloguer,10.394278905783805,NA,62
NA,2016,Preu_Lloguer,10.806024787604008,NA,63
NA,2016,Preu_Lloguer,11.709483554715872,NA,64
NA,2016,Preu_Lloguer,11.19309197844161,NA,65
NA,2016,Preu_Lloguer,12.787801165126446,NA,66
NA,2016,Preu_Lloguer,16.208790534340928,NA,67
NA,2016,Preu_Lloguer,12.789482756076671,NA,68
NA,2016,Preu_Lloguer,13.872349345176756,NA,69
NA,2016,Preu_Lloguer,8.771495642586551,NA,70
NA,2016,Preu_Lloguer,11.783817068922774,NA,71
NA,2016,Preu_Lloguer,9.965651331533733,NA,72
NA,2016,Preu_Lloguer,9.112667914294741,NA,73
NA,2017,Preu_Lloguer,13.915647800692472,NA,01
NA,2017,Preu_Lloguer,14.191884811686215,NA,02
NA,2017,Preu_Lloguer,19.844592488708642,NA,03
NA,2017,Preu_Lloguer,15.713611120621234,NA,04
NA,2017,Preu_Lloguer,13.11479627587323,NA,05
NA,2017,Preu_Lloguer,13.347805005141533,NA,06
NA,2017,Preu_Lloguer,13.5422802573059,NA,07
NA,2017,Preu_Lloguer,13.732518537185904,NA,08
NA,2017,Preu_Lloguer,13.549460119840361,NA,09
NA,2017,Preu_Lloguer,13.01762326641725,NA,10
NA,2017,Preu_Lloguer,13.692917004798652,NA,11
NA,2017,Preu_Lloguer,6.127204749810273,NA,12
NA,2017,Preu_Lloguer,10.36207564431409,NA,13
NA,2017,Preu_Lloguer,13.034586853868364,NA,14
NA,2017,Preu_Lloguer,12.91395537399208,NA,15
NA,2017,Preu_Lloguer,11.9362383243163,NA,16
NA,2017,Preu_Lloguer,13.14803988429266,NA,17
NA,2017,Preu_Lloguer,13.184824350334544,NA,18
NA,2017,Preu_Lloguer,14.331099229190947,NA,19
NA,2017,Preu_Lloguer,13.369236308238131,NA,20
NA,2017,Preu_Lloguer,16.211643256314822,NA,21
NA,2017,Preu_Lloguer,16.579957237339364,NA,22
NA,2017,Preu_Lloguer,17.50943898814595,NA,23
NA,2017,Preu_Lloguer,16.88121475595254,NA,24
NA,2017,Preu_Lloguer,15.37836978428816,NA,25
NA,2017,Preu_Lloguer,14.605387979284014,NA,26
NA,2017,Preu_Lloguer,14.876829489022498,NA,27
NA,2017,Preu_Lloguer,14.112132218205456,NA,28
NA,2017,Preu_Lloguer,12.45399696730529,NA,29
NA,2017,Preu_Lloguer,12.343134468034393,NA,30
NA,2017,Preu_Lloguer,15.011576445180017,NA,31
NA,2017,Preu_Lloguer,13.570804470730733,NA,32
NA,2017,Preu_Lloguer,12.592155781669998,NA,33
NA,2017,Preu_Lloguer,12.423628181218698,NA,34
NA,2017,Preu_Lloguer,12.28238423257657,NA,35
NA,2017,Preu_Lloguer,13.105167965557687,NA,36
NA,2017,Preu_Lloguer,11.008784278183585,NA,37
NA,2017,Preu_Lloguer,11.175202559779532,NA,38
NA,2017,Preu_Lloguer,9.516336904626026,NA,39
NA,2017,Preu_Lloguer,12.517368894607756,NA,40
NA,2017,Preu_Lloguer,12.160214214540861,NA,41
NA,2017,Preu_Lloguer,15.066465182564256,NA,42
NA,2017,Preu_Lloguer,11.653300619942517,NA,43
NA,2017,Preu_Lloguer,11.369035105860624,NA,44
NA,2017,Preu_Lloguer,10.797815020069994,NA,45
NA,2017,Preu_Lloguer,10.585956104108476,NA,46
NA,2017,Preu_Lloguer,11.17761703005277,NA,47
NA,2017,Preu_Lloguer,9.377243792194715,NA,48
NA,2017,Preu_Lloguer,8.6017603623803,NA,49
NA,2017,Preu_Lloguer,10.172547119022875,NA,50
NA,2017,Preu_Lloguer,11.086088326452812,NA,51
NA,2017,Preu_Lloguer,11.26429756446313,NA,52
NA,2017,Preu_Lloguer,10.652752656544791,NA,53
NA,2017,Preu_Lloguer,6.782010885388813,NA,54
NA,2017,Preu_Lloguer,7.589143974004675,NA,55
NA,2017,Preu_Lloguer,6.048871236597235,NA,56
NA,2017,Preu_Lloguer,9.161313642350953,NA,57
NA,2017,Preu_Lloguer,6.210010197104395,NA,58
NA,2017,Preu_Lloguer,9.51793448325227,NA,59
NA,2017,Preu_Lloguer,12.33028567546414,NA,60
NA,2017,Preu_Lloguer,10.83552707468087,NA,61
NA,2017,Preu_Lloguer,11.370928373520428,NA,62
NA,2017,Preu_Lloguer,11.465544277470096,NA,63
NA,2017,Preu_Lloguer,12.95227410092702,NA,64
NA,2017,Preu_Lloguer,12.445475638093264,NA,65
NA,2017,Preu_Lloguer,13.755471672040114,NA,66
NA,2017,Preu_Lloguer,17.13150159543274,NA,67
NA,2017,Preu_Lloguer,13.96589409411996,NA,68
NA,2017,Preu_Lloguer,16.031174667325445,NA,69
NA,2017,Preu_Lloguer,10.031687124245062,NA,70
NA,2017,Preu_Lloguer,12.935796963802625,NA,71
NA,2017,Preu_Lloguer,10.90435678318532,NA,72
NA,2017,Preu_Lloguer,10.162101408993312,NA,73
NA,2018,Preu_Lloguer,14.015728576014878,NA,01
NA,2018,Preu_Lloguer,13.804199908821388,NA,02
NA,2018,Preu_Lloguer,16.88330017272174,NA,03
NA,2018,Preu_Lloguer,15.016393021355725,NA,04
NA,2018,Preu_Lloguer,13.134292420124293,NA,05
NA,2018,Preu_Lloguer,13.70588149672008,NA,06
NA,2018,Preu_Lloguer,13.962855782008571,NA,07
NA,2018,Preu_Lloguer,14.054576834163274,NA,08
NA,2018,Preu_Lloguer,13.92147503109356,NA,09
NA,2018,Preu_Lloguer,13.16945079913711,NA,10
NA,2018,Preu_Lloguer,13.850183250221873,NA,11
NA,2018,Preu_Lloguer,6.829993049100258,NA,12
NA,2018,Preu_Lloguer,10.583254460033988,NA,13
NA,2018,Preu_Lloguer,12.36690619176676,NA,14
NA,2018,Preu_Lloguer,13.53845149083102,NA,15
NA,2018,Preu_Lloguer,12.153090194724559,NA,16
NA,2018,Preu_Lloguer,13.039599815119193,NA,17
NA,2018,Preu_Lloguer,13.14836360000168,NA,18
NA,2018,Preu_Lloguer,14.843316401220207,NA,19
NA,2018,Preu_Lloguer,13.58974598342385,NA,20
NA,2018,Preu_Lloguer,15.351873236161412,NA,21
NA,2018,Preu_Lloguer,11.93202486359886,NA,22
NA,2018,Preu_Lloguer,17.2459772191245,NA,23
NA,2018,Preu_Lloguer,16.42509189795215,NA,24
NA,2018,Preu_Lloguer,16.101923623124364,NA,25
NA,2018,Preu_Lloguer,14.791786748495745,NA,26
NA,2018,Preu_Lloguer,14.616039991769998,NA,27
NA,2018,Preu_Lloguer,13.605092559007456,NA,28
NA,2018,Preu_Lloguer,12.173779873853826,NA,29
NA,2018,Preu_Lloguer,12.837779066735363,NA,30
NA,2018,Preu_Lloguer,14.595062554126894,NA,31
NA,2018,Preu_Lloguer,13.824051718642375,NA,32
NA,2018,Preu_Lloguer,12.662438650846951,NA,33
NA,2018,Preu_Lloguer,12.154438352902115,NA,34
NA,2018,Preu_Lloguer,12.065026391169633,NA,35
NA,2018,Preu_Lloguer,12.09957080866064,NA,36
NA,2018,Preu_Lloguer,11.332042223804827,NA,37
NA,2018,Preu_Lloguer,12.12235318342253,NA,38
NA,2018,Preu_Lloguer,9.675179140302086,NA,39
NA,2018,Preu_Lloguer,11.019199777731066,NA,40
NA,2018,Preu_Lloguer,12.316018349633191,NA,41
NA,2018,Preu_Lloguer,7.971128265172065,NA,42
NA,2018,Preu_Lloguer,11.800993065383983,NA,43
NA,2018,Preu_Lloguer,11.570869831205213,NA,44
NA,2018,Preu_Lloguer,11.443372789929272,NA,45
NA,2018,Preu_Lloguer,11.301119598163655,NA,46
NA,2018,Preu_Lloguer,8.083311403508773,NA,47
NA,2018,Preu_Lloguer,10.070535946491548,NA,48
NA,2018,Preu_Lloguer,9.465137012089402,NA,49
NA,2018,Preu_Lloguer,11.206756851585912,NA,50
NA,2018,Preu_Lloguer,11.648210581534391,NA,51
NA,2018,Preu_Lloguer,11.760119271170527,NA,52
NA,2018,Preu_Lloguer,12.024754544132941,NA,53
NA,2018,Preu_Lloguer,8.239509410577575,NA,54
NA,2018,Preu_Lloguer,8.719993745299636,NA,55
NA,2018,Preu_Lloguer,9.480468504925026,NA,56
NA,2018,Preu_Lloguer,10.007068088477615,NA,57
NA,2018,Preu_Lloguer,7.477570815013892,NA,58
NA,2018,Preu_Lloguer,10.849144233980192,NA,59
NA,2018,Preu_Lloguer,11.914705835204966,NA,60
NA,2018,Preu_Lloguer,11.915952132128904,NA,61
NA,2018,Preu_Lloguer,11.927190165322621,NA,62
NA,2018,Preu_Lloguer,12.030094340542641,NA,63
NA,2018,Preu_Lloguer,13.033132968216593,NA,64
NA,2018,Preu_Lloguer,12.55115119485355,NA,65
NA,2018,Preu_Lloguer,13.962705293049318,NA,66
NA,2018,Preu_Lloguer,16.8667861869431,NA,67
NA,2018,Preu_Lloguer,14.459997087737301,NA,68
NA,2018,Preu_Lloguer,15.270815223662295,NA,69
NA,2018,Preu_Lloguer,10.947028566037146,NA,70
NA,2018,Preu_Lloguer,13.633985195169029,NA,71
NA,2018,Preu_Lloguer,11.5035988559038,NA,72
NA,2018,Preu_Lloguer,11.190063232165448,NA,73
NA,2019,Preu_Lloguer,14.323614132049757,NA,01
NA,2019,Preu_Lloguer,14.29878969560128,NA,02
NA,2019,Preu_Lloguer,17.40046456969391,NA,03
NA,2019,Preu_Lloguer,15.157329044420129,NA,04
NA,2019,Preu_Lloguer,14.015333335958172,NA,05
NA,2019,Preu_Lloguer,14.47648683792361,NA,06
NA,2019,Preu_Lloguer,14.399608832391861,NA,07
NA,2019,Preu_Lloguer,14.475539079123978,NA,08
NA,2019,Preu_Lloguer,14.521146251476097,NA,09
NA,2019,Preu_Lloguer,13.848563622132446,NA,10
NA,2019,Preu_Lloguer,14.359229885638657,NA,11
NA,2019,Preu_Lloguer,7.100991793822579,NA,12
NA,2019,Preu_Lloguer,10.826746822359492,NA,13
NA,2019,Preu_Lloguer,12.840954082915902,NA,14
NA,2019,Preu_Lloguer,13.832742542799204,NA,15
NA,2019,Preu_Lloguer,12.756845095570602,NA,16
NA,2019,Preu_Lloguer,13.818826364961101,NA,17
NA,2019,Preu_Lloguer,13.842839412213522,NA,18
NA,2019,Preu_Lloguer,15.052336801010366,NA,19
NA,2019,Preu_Lloguer,14.44955937675135,NA,20
NA,2019,Preu_Lloguer,15.686281801097593,NA,21
NA,2019,Preu_Lloguer,13.859396105896742,NA,22
NA,2019,Preu_Lloguer,16.866645352136484,NA,23
NA,2019,Preu_Lloguer,17.04511496568929,NA,24
NA,2019,Preu_Lloguer,16.038572036859406,NA,25
NA,2019,Preu_Lloguer,15.275452400051838,NA,26
NA,2019,Preu_Lloguer,15.027643645449707,NA,27
NA,2019,Preu_Lloguer,14.03828875752721,NA,28
NA,2019,Preu_Lloguer,12.715733915523172,NA,29
NA,2019,Preu_Lloguer,13.14764745120012,NA,30
NA,2019,Preu_Lloguer,15.09676059493889,NA,31
NA,2019,Preu_Lloguer,14.732872616891493,NA,32
NA,2019,Preu_Lloguer,13.495668667136838,NA,33
NA,2019,Preu_Lloguer,13.40042936943279,NA,34
NA,2019,Preu_Lloguer,12.91937086118691,NA,35
NA,2019,Preu_Lloguer,12.84777882696864,NA,36
NA,2019,Preu_Lloguer,12.091516130739542,NA,37
NA,2019,Preu_Lloguer,12.603704324375947,NA,38
NA,2019,Preu_Lloguer,10.64625840599057,NA,39
NA,2019,Preu_Lloguer,11.883546670347888,NA,40
NA,2019,Preu_Lloguer,13.319329827454371,NA,41
NA,2019,Preu_Lloguer,11.446586233285714,NA,42
NA,2019,Preu_Lloguer,12.462569376397617,NA,43
NA,2019,Preu_Lloguer,12.174391664439586,NA,44
NA,2019,Preu_Lloguer,12.32845508082162,NA,45
NA,2019,Preu_Lloguer,11.699314863704798,NA,46
NA,2019,Preu_Lloguer,11.917233468333334,NA,47
NA,2019,Preu_Lloguer,10.476719579734668,NA,48
NA,2019,Preu_Lloguer,9.486878532588298,NA,49
NA,2019,Preu_Lloguer,11.225140740454798,NA,50
NA,2019,Preu_Lloguer,12.075383913440275,NA,51
NA,2019,Preu_Lloguer,12.018604251100223,NA,52
NA,2019,Preu_Lloguer,12.107702720481573,NA,53
NA,2019,Preu_Lloguer,7.463522392409788,NA,54
NA,2019,Preu_Lloguer,9.65006157195342,NA,55
NA,2019,Preu_Lloguer,8.082044582666667,NA,56
NA,2019,Preu_Lloguer,10.11453607377038,NA,57
NA,2019,Preu_Lloguer,6.509719317706553,NA,58
NA,2019,Preu_Lloguer,10.501272183050784,NA,59
NA,2019,Preu_Lloguer,12.47487696817601,NA,60
NA,2019,Preu_Lloguer,12.645462151536181,NA,61
NA,2019,Preu_Lloguer,12.067316586764914,NA,62
NA,2019,Preu_Lloguer,12.426713511487883,NA,63
NA,2019,Preu_Lloguer,13.541243796410017,NA,64
NA,2019,Preu_Lloguer,13.24594657998683,NA,65
NA,2019,Preu_Lloguer,15.015566029766921,NA,66
NA,2019,Preu_Lloguer,17.547806830599498,NA,67
NA,2019,Preu_Lloguer,15.083231195188253,NA,68
NA,2019,Preu_Lloguer,17.261527510142248,NA,69
NA,2019,Preu_Lloguer,11.340307426362953,NA,70
NA,2019,Preu_Lloguer,14.110283931457726,NA,71
NA,2019,Preu_Lloguer,11.903843326827579,NA,72
NA,2019,Preu_Lloguer,11.475549275692378,NA,73
NA,2020,Preu_Lloguer,14.038781235917654,NA,01
NA,2020,Preu_Lloguer,13.633715413462415,NA,02
NA,2020,Preu_Lloguer,17.283146098294704,NA,03
NA,2020,Preu_Lloguer,14.6156783308734,NA,04
NA,2020,Preu_Lloguer,13.900360175981906,NA,05
NA,2020,Preu_Lloguer,14.308564387548019,NA,06
NA,2020,Preu_Lloguer,14.156206418242176,NA,07
NA,2020,Preu_Lloguer,14.32006576315368,NA,08
NA,2020,Preu_Lloguer,14.42170366836244,NA,09
NA,2020,Preu_Lloguer,13.94538330226278,NA,10
NA,2020,Preu_Lloguer,14.264062240931189,NA,11
NA,2020,Preu_Lloguer,6.501293991554146,NA,12
NA,2020,Preu_Lloguer,11.149334735857613,NA,13
NA,2020,Preu_Lloguer,13.324871492147988,NA,14
NA,2020,Preu_Lloguer,13.958301474375299,NA,15
NA,2020,Preu_Lloguer,12.980803680805824,NA,16
NA,2020,Preu_Lloguer,13.831488158233396,NA,17
NA,2020,Preu_Lloguer,13.861959482516596,NA,18
NA,2020,Preu_Lloguer,14.858315440082453,NA,19
NA,2020,Preu_Lloguer,13.966182905817798,NA,20
NA,2020,Preu_Lloguer,15.466036033457893,NA,21
NA,2020,Preu_Lloguer,12.47392625453489,NA,22
NA,2020,Preu_Lloguer,16.978896536050428,NA,23
NA,2020,Preu_Lloguer,16.51571761748483,NA,24
NA,2020,Preu_Lloguer,15.313461685960396,NA,25
NA,2020,Preu_Lloguer,15.323225256133167,NA,26
NA,2020,Preu_Lloguer,15.08840764858391,NA,27
NA,2020,Preu_Lloguer,14.367477774784508,NA,28
NA,2020,Preu_Lloguer,12.232760379657146,NA,29
NA,2020,Preu_Lloguer,13.63891362609796,NA,30
NA,2020,Preu_Lloguer,14.912970005469953,NA,31
NA,2020,Preu_Lloguer,14.078602277671463,NA,32
NA,2020,Preu_Lloguer,13.755629400078899,NA,33
NA,2020,Preu_Lloguer,12.947489139805402,NA,34
NA,2020,Preu_Lloguer,13.20204599008055,NA,35
NA,2020,Preu_Lloguer,12.9032800798,NA,36
NA,2020,Preu_Lloguer,11.978664650022605,NA,37
NA,2020,Preu_Lloguer,12.098667580114432,NA,38
NA,2020,Preu_Lloguer,10.616188260010214,NA,39
NA,2020,Preu_Lloguer,11.892571572311828,NA,40
NA,2020,Preu_Lloguer,12.231056731447369,NA,41
NA,2020,Preu_Lloguer,11.44584580475,NA,42
NA,2020,Preu_Lloguer,12.630100619246846,NA,43
NA,2020,Preu_Lloguer,12.310294515315293,NA,44
NA,2020,Preu_Lloguer,12.058039752066666,NA,45
NA,2020,Preu_Lloguer,11.59207748619661,NA,46
NA,2020,Preu_Lloguer,11.917233468333334,NA,47
NA,2020,Preu_Lloguer,10.55883307393676,NA,48
NA,2020,Preu_Lloguer,9.658084506773582,NA,49
NA,2020,Preu_Lloguer,11.64755506255665,NA,50
NA,2020,Preu_Lloguer,11.996103574844655,NA,51
NA,2020,Preu_Lloguer,12.433533647504774,NA,52
NA,2020,Preu_Lloguer,11.832023495987807,NA,53
NA,2020,Preu_Lloguer,8.756814471615385,NA,54
NA,2020,Preu_Lloguer,9.24737150968479,NA,55
NA,2020,Preu_Lloguer,7.898986077166666,NA,56
NA,2020,Preu_Lloguer,10.856505266343747,NA,57
NA,2020,Preu_Lloguer,7.518427432999999,NA,58
NA,2020,Preu_Lloguer,11.88428890408334,NA,59
NA,2020,Preu_Lloguer,12.50038503614695,NA,60
NA,2020,Preu_Lloguer,12.399219424251562,NA,61
NA,2020,Preu_Lloguer,12.516271443092004,NA,62
NA,2020,Preu_Lloguer,12.668060270894257,NA,63
NA,2020,Preu_Lloguer,13.573541111275507,NA,64
NA,2020,Preu_Lloguer,13.346723093321774,NA,65
NA,2020,Preu_Lloguer,14.332802815040129,NA,66
NA,2020,Preu_Lloguer,17.656044704791043,NA,67
NA,2020,Preu_Lloguer,14.91812146950517,NA,68
NA,2020,Preu_Lloguer,16.664812541432543,NA,69
NA,2020,Preu_Lloguer,11.910099374483545,NA,70
NA,2020,Preu_Lloguer,13.975188470866849,NA,71
NA,2020,Preu_Lloguer,11.777951844188987,NA,72
NA,2020,Preu_Lloguer,11.545577306243896,NA,73
NA,2021,Preu_Lloguer,12.910850546960988,NA,01
NA,2021,Preu_Lloguer,12.592373902608841,NA,02
NA,2021,Preu_Lloguer,15.997813482563371,NA,03
NA,2021,Preu_Lloguer,13.592294852635478,NA,04
NA,2021,Preu_Lloguer,13.048152752838208,NA,05
NA,2021,Preu_Lloguer,13.58089760798875,NA,06
NA,2021,Preu_Lloguer,13.146806325245857,NA,07
NA,2021,Preu_Lloguer,13.650116837702223,NA,08
NA,2021,Preu_Lloguer,13.438599368813312,NA,09
NA,2021,Preu_Lloguer,12.9584861152187,NA,10
NA,2021,Preu_Lloguer,13.620301505811062,NA,11
NA,2021,Preu_Lloguer,5.901596189285714,NA,12
NA,2021,Preu_Lloguer,10.70903183505043,NA,13
NA,2021,Preu_Lloguer,12.75049205163399,NA,14
NA,2021,Preu_Lloguer,13.13778419660368,NA,15
NA,2021,Preu_Lloguer,12.336563295743359,NA,16
NA,2021,Preu_Lloguer,13.166578088151732,NA,17
NA,2021,Preu_Lloguer,13.116008987680274,NA,18
NA,2021,Preu_Lloguer,14.061172301470746,NA,19
NA,2021,Preu_Lloguer,12.98170304424569,NA,20
NA,2021,Preu_Lloguer,15.060165415490738,NA,21
NA,2021,Preu_Lloguer,15.331200321072727,NA,22
NA,2021,Preu_Lloguer,15.90375279016188,NA,23
NA,2021,Preu_Lloguer,15.735479969511935,NA,24
NA,2021,Preu_Lloguer,15.129906111319563,NA,25
NA,2021,Preu_Lloguer,14.52886385373683,NA,26
NA,2021,Preu_Lloguer,14.269989612958556,NA,27
NA,2021,Preu_Lloguer,13.726958979428565,NA,28
NA,2021,Preu_Lloguer,12.71271074027103,NA,29
NA,2021,Preu_Lloguer,12.575219813195378,NA,30
NA,2021,Preu_Lloguer,14.125647541263426,NA,31
NA,2021,Preu_Lloguer,13.72783214081223,NA,32
NA,2021,Preu_Lloguer,12.638888561865397,NA,33
NA,2021,Preu_Lloguer,12.534150169312971,NA,34
NA,2021,Preu_Lloguer,12.604356483990289,NA,35
NA,2021,Preu_Lloguer,12.143906963119404,NA,36
NA,2021,Preu_Lloguer,11.766751192358427,NA,37
NA,2021,Preu_Lloguer,12.154654300055764,NA,38
NA,2021,Preu_Lloguer,10.311599696463233,NA,39
NA,2021,Preu_Lloguer,11.194897334587102,NA,40
NA,2021,Preu_Lloguer,12.66257799529203,NA,41
NA,2021,Preu_Lloguer,12.100818120333335,NA,42
NA,2021,Preu_Lloguer,11.948935130628147,NA,43
NA,2021,Preu_Lloguer,11.563122460892302,NA,44
NA,2021,Preu_Lloguer,11.475824501599245,NA,45
NA,2021,Preu_Lloguer,11.269734699397894,NA,46
NA,2021,Preu_Lloguer,11.917233468333334,NA,47
NA,2021,Preu_Lloguer,9.714225617055758,NA,48
NA,2021,Preu_Lloguer,9.3627666765,NA,49
NA,2021,Preu_Lloguer,11.337256937234809,NA,50
NA,2021,Preu_Lloguer,12.290719020188597,NA,51
NA,2021,Preu_Lloguer,11.837312990731522,NA,52
NA,2021,Preu_Lloguer,11.62498405513846,NA,53
NA,2021,Preu_Lloguer,8.840572521928573,NA,54
NA,2021,Preu_Lloguer,8.926438458921739,NA,55
NA,2021,Preu_Lloguer,5.9576249088571425,NA,56
NA,2021,Preu_Lloguer,10.306701923563294,NA,57
NA,2021,Preu_Lloguer,8.006762378666666,NA,58
NA,2021,Preu_Lloguer,10.825398477248445,NA,59
NA,2021,Preu_Lloguer,11.889053776784783,NA,60
NA,2021,Preu_Lloguer,11.981837647193505,NA,61
NA,2021,Preu_Lloguer,11.68448480303846,NA,62
NA,2021,Preu_Lloguer,11.884037627933083,NA,63
NA,2021,Preu_Lloguer,12.995535171707013,NA,64
NA,2021,Preu_Lloguer,12.882361298247165,NA,65
NA,2021,Preu_Lloguer,14.272644336265882,NA,66
NA,2021,Preu_Lloguer,16.762442255041197,NA,67
NA,2021,Preu_Lloguer,14.330951855513788,NA,68
NA,2021,Preu_Lloguer,15.664649052924586,NA,69
NA,2021,Preu_Lloguer,11.344425751119287,NA,70
NA,2021,Preu_Lloguer,13.472106813322725,NA,71
NA,2021,Preu_Lloguer,11.493683450842315,NA,72
NA,2021,Preu_Lloguer,11.0731280544947,NA,73
NA,2022,Preu_Lloguer,15.21887184079788,NA,01
NA,2022,Preu_Lloguer,15.64870069036388,NA,02
NA,2022,Preu_Lloguer,18.771756560847113,NA,03
NA,2022,Preu_Lloguer,16.047234932928344,NA,04
NA,2022,Preu_Lloguer,14.377274696354526,NA,05
NA,2022,Preu_Lloguer,15.312070177885218,NA,06
NA,2022,Preu_Lloguer,14.995865030823913,NA,07
NA,2022,Preu_Lloguer,15.203971349796094,NA,08
NA,2022,Preu_Lloguer,14.946847269428693,NA,09
NA,2022,Preu_Lloguer,14.404203694871676,NA,10
NA,2022,Preu_Lloguer,15.232628351234204,NA,11
NA,2022,Preu_Lloguer,7.194147868333334,NA,12
NA,2022,Preu_Lloguer,10.60176877074698,NA,13
NA,2022,Preu_Lloguer,14.064691036445314,NA,14
NA,2022,Preu_Lloguer,14.243633729291451,NA,15
NA,2022,Preu_Lloguer,13.4159069509514,NA,16
NA,2022,Preu_Lloguer,14.438381809901754,NA,17
NA,2022,Preu_Lloguer,14.182320150341019,NA,18
NA,2022,Preu_Lloguer,15.444083943668868,NA,19
NA,2022,Preu_Lloguer,14.782832774062172,NA,20
NA,2022,Preu_Lloguer,15.252065937434576,NA,21
NA,2022,Preu_Lloguer,13.558424957338238,NA,22
NA,2022,Preu_Lloguer,18.194538918375425,NA,23
NA,2022,Preu_Lloguer,17.901516562914193,NA,24
NA,2022,Preu_Lloguer,15.828859088918902,NA,25
NA,2022,Preu_Lloguer,15.7272616583035,NA,26
NA,2022,Preu_Lloguer,15.818496613557315,NA,27
NA,2022,Preu_Lloguer,14.729010174581624,NA,28
NA,2022,Preu_Lloguer,12.945743476450296,NA,29
NA,2022,Preu_Lloguer,13.509355581138651,NA,30
NA,2022,Preu_Lloguer,15.958939554337244,NA,31
NA,2022,Preu_Lloguer,15.137174477518169,NA,32
NA,2022,Preu_Lloguer,14.041970149916152,NA,33
NA,2022,Preu_Lloguer,13.676425019674308,NA,34
NA,2022,Preu_Lloguer,13.435661722742026,NA,35
NA,2022,Preu_Lloguer,13.513391518310682,NA,36
NA,2022,Preu_Lloguer,12.680476822264373,NA,37
NA,2022,Preu_Lloguer,13.192192986411019,NA,38
NA,2022,Preu_Lloguer,10.763360534121793,NA,39
NA,2022,Preu_Lloguer,11.890828132690322,NA,40
NA,2022,Preu_Lloguer,13.690886716447055,NA,41
NA,2022,Preu_Lloguer,13.338228212463996,NA,42
NA,2022,Preu_Lloguer,12.448117602323682,NA,43
NA,2022,Preu_Lloguer,12.75162139408676,NA,44
NA,2022,Preu_Lloguer,12.283785243106,NA,45
NA,2022,Preu_Lloguer,11.909097129309517,NA,46
NA,2022,Preu_Lloguer,11.917233468333334,NA,47
NA,2022,Preu_Lloguer,10.832557457871795,NA,48
NA,2022,Preu_Lloguer,9.722286454599999,NA,49
NA,2022,Preu_Lloguer,12.249174816084007,NA,50
NA,2022,Preu_Lloguer,11.985542470225198,NA,51
NA,2022,Preu_Lloguer,12.575343443577008,NA,52
NA,2022,Preu_Lloguer,12.841313210162602,NA,53
NA,2022,Preu_Lloguer,10.386546869888889,NA,54
NA,2022,Preu_Lloguer,9.703440498115382,NA,55
NA,2022,Preu_Lloguer,8.041269607555556,NA,56
NA,2022,Preu_Lloguer,10.968273048409717,NA,57
NA,2022,Preu_Lloguer,6.120076037833333,NA,58
NA,2022,Preu_Lloguer,11.535129601240506,NA,59
NA,2022,Preu_Lloguer,12.650506722975292,NA,60
NA,2022,Preu_Lloguer,12.892733888676515,NA,61
NA,2022,Preu_Lloguer,12.45548468352526,NA,62
NA,2022,Preu_Lloguer,12.649498782912758,NA,63
NA,2022,Preu_Lloguer,14.143477365962093,NA,64
NA,2022,Preu_Lloguer,13.625715053753668,NA,65
NA,2022,Preu_Lloguer,15.89686286828496,NA,66
NA,2022,Preu_Lloguer,19.105777159678055,NA,67
NA,2022,Preu_Lloguer,16.508805449129053,NA,68
NA,2022,Preu_Lloguer,17.24356112445832,NA,69
NA,2022,Preu_Lloguer,12.125857090019238,NA,70
NA,2022,Preu_Lloguer,14.539181830128262,NA,71
NA,2022,Preu_Lloguer,12.126000378791012,NA,72
NA,2022,Preu_Lloguer,11.420925863108184,NA,73
NA,2023,Preu_Lloguer,15.890005586104447,NA,01
NA,2023,Preu_Lloguer,16.436274260181822,NA,02
NA,2023,Preu_Lloguer,18.984795002896565,NA,03
NA,2023,Preu_Lloguer,17.408158834037675,NA,04
NA,2023,Preu_Lloguer,16.0825912458646,NA,05
NA,2023,Preu_Lloguer,16.703789595439545,NA,06
NA,2023,Preu_Lloguer,16.590097632742435,NA,07
NA,2023,Preu_Lloguer,16.752925921704215,NA,08
NA,2023,Preu_Lloguer,16.679598062028326,NA,09
NA,2023,Preu_Lloguer,15.874314475169015,NA,10
NA,2023,Preu_Lloguer,16.00167407559502,NA,11
NA,2023,Preu_Lloguer,13.39285714,NA,12
NA,2023,Preu_Lloguer,12.583829837422822,NA,13
NA,2023,Preu_Lloguer,15.815532593843484,NA,14
NA,2023,Preu_Lloguer,15.808003304916664,NA,15
NA,2023,Preu_Lloguer,21.060815474774426,NA,16
NA,2023,Preu_Lloguer,15.67708538546071,NA,17
NA,2023,Preu_Lloguer,15.75531481870023,NA,18
NA,2023,Preu_Lloguer,17.08392695324008,NA,19
NA,2023,Preu_Lloguer,15.758341039360857,NA,20
NA,2023,Preu_Lloguer,17.483309346429373,NA,21
NA,2023,Preu_Lloguer,14.11538001837255,NA,22
NA,2023,Preu_Lloguer,19.517264715391487,NA,23
NA,2023,Preu_Lloguer,19.42401343560558,NA,24
NA,2023,Preu_Lloguer,17.818062111560952,NA,25
NA,2023,Preu_Lloguer,18.424004555209144,NA,26
NA,2023,Preu_Lloguer,17.293027048411396,NA,27
NA,2023,Preu_Lloguer,16.776072776142097,NA,28
NA,2023,Preu_Lloguer,14.424809384916667,NA,29
NA,2023,Preu_Lloguer,15.337154651781136,NA,30
NA,2023,Preu_Lloguer,17.481129552324607,NA,31
NA,2023,Preu_Lloguer,16.690309487229573,NA,32
NA,2023,Preu_Lloguer,15.476747244525606,NA,33
NA,2023,Preu_Lloguer,14.966994426716985,NA,34
NA,2023,Preu_Lloguer,14.945920271213156,NA,35
NA,2023,Preu_Lloguer,15.498880723377356,NA,36
NA,2023,Preu_Lloguer,13.50197740334816,NA,37
NA,2023,Preu_Lloguer,14.620394126194563,NA,38
NA,2023,Preu_Lloguer,12.015996011203697,NA,39
NA,2023,Preu_Lloguer,13.7668638356,NA,40
NA,2023,Preu_Lloguer,14.951204468983333,NA,41
NA,2023,Preu_Lloguer,15.458494562375,NA,42
NA,2023,Preu_Lloguer,13.922914990235917,NA,43
NA,2023,Preu_Lloguer,13.69209100013521,NA,44
NA,2023,Preu_Lloguer,13.5127161586168,NA,45
NA,2023,Preu_Lloguer,12.563678179235952,NA,46
NA,2023,Preu_Lloguer,11.917233468333334,NA,47
NA,2023,Preu_Lloguer,12.186915336353838,NA,48
NA,2023,Preu_Lloguer,10.760658784441864,NA,49
NA,2023,Preu_Lloguer,13.609008895186872,NA,50
NA,2023,Preu_Lloguer,14.526030192268301,NA,51
NA,2023,Preu_Lloguer,13.945464423113451,NA,52
NA,2023,Preu_Lloguer,13.515186161159573,NA,53
NA,2023,Preu_Lloguer,7.708899349199998,NA,54
NA,2023,Preu_Lloguer,10.389798954991074,NA,55
NA,2023,Preu_Lloguer,8.041269607555556,NA,56
NA,2023,Preu_Lloguer,12.526387540357147,NA,57
NA,2023,Preu_Lloguer,9.234508433299998,NA,58
NA,2023,Preu_Lloguer,10.901467438128492,NA,59
NA,2023,Preu_Lloguer,13.960037435321947,NA,60
NA,2023,Preu_Lloguer,14.54383481657863,NA,61
NA,2023,Preu_Lloguer,14.018520946184692,NA,62
NA,2023,Preu_Lloguer,14.454758450560355,NA,63
NA,2023,Preu_Lloguer,15.763083502801992,NA,64
NA,2023,Preu_Lloguer,15.40462450527839,NA,65
NA,2023,Preu_Lloguer,17.253219078700692,NA,66
NA,2023,Preu_Lloguer,20.38012328039374,NA,67
NA,2023,Preu_Lloguer,17.775289594271463,NA,68
NA,2023,Preu_Lloguer,18.81057428732489,NA,69
NA,2023,Preu_Lloguer,12.494455585090034,NA,70
NA,2023,Preu_Lloguer,16.34846365379195,NA,71
NA,2023,Preu_Lloguer,13.536344156750626,NA,72
NA,2023,Preu_Lloguer,16.297611096115315,NA,73
