Data_Referencia,Codi_Barri,Pobl_Jove,Perc_Jove,Pobl_Regio,Perc_Regio,Pobl_Superior,Perc_Superior,Pobl_Host,Perc_Host,Renda_Mitjana,Habitatges,Preu_Lloguer
2015,01,18563,0.39692518228665513,14824,0.3165965444332913,8727,0.21358296622613804,6231,0.37690539559641906,8318.404687065666,180,11.1045
2015,02,6633,0.4354648109243697,2626,0.17081896832108243,5178,0.3667398540973157,2986,0.4653264765466729,11302.969537815126,184,11.2094
2015,03,5602,0.38090705106411915,1288,0.08700351256417184,3230,0.23722091656874267,2792,0.4136909171729145,10880.002379819134,69,16.3294
2015,04,9061,0.40916685482050125,3085,0.13864545413689272,7275,0.36176031824962707,4531,0.4603739077423288,11529.153127116731,171,12.6979
2015,05,9327,0.2995375425525082,2199,0.0707233139291802,9911,0.3587822183608456,3785,0.299375148303409,15508.956612499198,343,10.8908
2015,06,14880,0.2949922683478054,2368,0.04704573449358287,15295,0.33734009704455226,6788,0.3142738089726376,15356.800186352642,794,11.1051
2015,07,12554,0.29256583546958753,2984,0.06960091432836517,18334,0.48363185523226676,6244,0.34125812974804615,19691.545863435098,1747,11.2916
2015,08,12639,0.3069953849890697,2523,0.06134805232699509,16315,0.44383688348431677,6130,0.34114307974845565,18157.068909400048,727,11.3658
2015,09,16905,0.2978382282985958,2843,0.050129599915363324,19914,0.38979036583217525,7520,0.30884225224855233,16986.36390704558,428,11.2679
2015,10,11303,0.30046786113030993,3015,0.0802886663826161,11157,0.3298935541099941,5186,0.32032118591723285,15115.645409112658,568,10.9577
2015,11,13409,0.3376646269295661,5507,0.138318179534837,8085,0.22940725817892915,5461,0.3454361439686255,10923.800483493238,546,11.0933
2015,12,331,0.30200729927007297,20,0.01824817518248175,50,0.05107252298263534,135,0.3082191780821918,9003,3,6.6071
2015,13,7666,0.25652523089278545,1168,0.03913160010720986,3491,0.13588945114830672,2972,0.25704895346825807,11527.850421630304,6,8.3625
2015,14,3059,0.2994615761135585,594,0.05794556628621598,2524,0.27590730214254483,1367,0.3205909943714822,13913.460401370534,74,11.3287
2015,15,5080,0.32725632931778653,1147,0.07367677286742035,3742,0.26835915088927137,2265,0.3472328683121263,13255.131417896026,187,11.1196
2015,16,4922,0.2719036570544691,559,0.03094038855371672,3419,0.2121625814458579,2149,0.2904839145715058,13356.385150812064,42,9.8429
2015,17,6875,0.28957122399123914,976,0.04124931321584041,4857,0.22890941653313224,3002,0.30332423966858646,13390.053955016427,90,10.7392
2015,18,11960,0.29823948930227917,1778,0.0444177970971046,10467,0.2925867948789624,5473,0.3217140841758758,14585.472320582514,189,10.992
2015,19,11719,0.25964904506580405,1296,0.028748890860692104,16139,0.4017374853757499,4987,0.266770086658821,19275.431515044093,171,11.8488
2015,20,6193,0.26299473416001357,438,0.018737967914438502,7505,0.360990860990861,2271,0.23830010493179432,17477.57350942755,36,11.4229
2015,21,2591,0.22301600964021345,754,0.06524184476940383,4921,0.503015434938158,750,0.1820388349514563,26103.781115510414,8,14.1453
2015,22,1022,0.22520934332304982,210,0.04614370468029005,1492,0.40809628008752735,412,0.26788036410923277,17528.897091229617,3,12.1003
2015,23,5603,0.23021612293532748,1209,0.04981048121292024,9743,0.48979489241906293,2062,0.23509291984950403,22733.280138055714,23,14.5361
2015,24,3812,0.23416671785736223,784,0.04824318503476709,6827,0.5095536647260785,1117,0.2034237843744309,26870.61496406413,31,13.9673
2015,25,5871,0.23460539460539462,776,0.031118418414404297,9979,0.47453516572352467,2150,0.23397540537599304,23173.814025974025,26,12.8241
2015,26,11037,0.2391860263522885,1619,0.03526848927132121,19486,0.49685101608914045,4688,0.2545612510860122,23918.893247226075,271,12.7318
2015,27,7716,0.26915027208036835,902,0.031621384750219104,11670,0.4740818979525512,3668,0.3071512309495897,19500.65020231617,158,12.3254
2015,28,3968,0.25987294518305065,417,0.027319182389937108,4998,0.3770083729350532,1859,0.2901966906025601,17888.176763376778,35,11.5532
2015,29,2046,0.28228476821192056,193,0.02662436198096289,1766,0.2803619622162248,963,0.3178217821782178,13669.084850993377,13,9.8996
2015,30,3582,0.27596302003081663,278,0.021537031298419586,4382,0.381142906845264,1490,0.27731248836776473,16969.26278890601,35,11.2769
2015,31,17049,0.34388930350767494,2800,0.05642317380352645,18264,0.4121217591443464,9248,0.40797600141168167,15318.751840571233,768,12.305
2015,32,9319,0.27972384811646406,1104,0.033147180688164295,11242,0.37809840917499077,4589,0.31315681725126243,16768.614527990394,230,11.3303
2015,33,6840,0.27296671721605875,659,0.02636632791870049,6584,0.2932216976930614,3158,0.29472701819878677,14810.381355255806,87,10.5654
2015,34,2287,0.26372232472324725,252,0.029109391244079935,1886,0.24563688460536598,1090,0.29443544030253915,13548.523639298894,13,10.0925
2015,35,9503,0.26899343297101447,731,0.020800728452323364,8430,0.27135775445825017,4395,0.29455130353193487,14313.861865942028,54,10.3596
2015,36,2032,0.21965192952113285,51,0.0055284552845528455,2331,0.2933551472438963,861,0.23537452159650082,16713.214571397686,2,11.373
2015,37,8355,0.2690561298425273,564,0.018228829993535877,3015,0.11146850044365572,3242,0.2582649565840835,10429.473062184008,26,9.1085
2015,38,2976,0.26512249443207125,211,0.018923766816143498,1436,0.14572762330018266,1322,0.2845458458889367,11639.278307349667,9,9.509
2015,39,1511,0.227183882122989,54,0.008214177061149984,1022,0.17398706162751107,666,0.24404543788933675,12710.02766501278,3,8.3222
2015,40,1020,0.20735921935352714,39,0.00790433725172274,971,0.219385449615906,512,0.24369347929557353,13830.374669648303,NA,10.0705
2015,41,1128,0.20912124582869857,28,0.005205428518311954,1325,0.2790648694187026,508,0.22770058269834156,15558.8539117538,0,10.0733
2015,42,169,0.39211136890951276,45,0.08571428571428572,118,0.26048565121412803,94,0.4051724137931034,12247,NA,7.9685
2015,43,6255,0.24043820872573515,369,0.01422129725979882,4843,0.21057437279881733,2639,0.25280199252801994,13719.642706131079,4,9.5169
2015,44,6281,0.2503288031565103,586,0.02341284110431899,4584,0.2064678857760562,2557,0.24750750169393088,13312.878283049698,6,9.321
2015,45,6054,0.2527133077308399,646,0.027016854167537952,3285,0.15482867511900833,2542,0.2550928248871049,12048.552930372349,2,9.1018
2015,46,3951,0.26049976923584095,685,0.04510733570393784,1641,0.12455407969639469,1388,0.22664924885695623,9944.206039427705,0,8.3371
2015,47,551,0.2456531431119037,0,0,164,0.08388746803069054,258,0.2789189189189189,9032.86625055729,NA,5.7937
2015,48,3182,0.2141174887288877,81,0.005454912788739982,2226,0.1699885452462772,1155,0.19298245614035087,13430.399098311016,1,8.1706
2015,49,1535,0.2235653946985144,5,7.314218841427735e-4,680,0.1118421052631579,647,0.23165055495882564,12366.950043693563,1,7.2142
2015,50,4478,0.2941988042835556,475,0.031192540057788286,975,0.07521407081694052,1459,0.25316675342703454,9081.056106694698,3,8.7248
2015,51,3244,0.2682321812468993,364,0.030119983450558545,1063,0.10118990956687292,1388,0.2758346581875994,9894.060443194972,2,9.1444
2015,52,6533,0.2553948397185301,700,0.027406914372968952,2415,0.1075388520283208,2472,0.23353802550779404,10993.83530101642,4,9.6347
2015,53,1919,0.2641795154185022,411,0.05664277839029769,417,0.06729062449572373,770,0.2675469075747047,8342.15143171806,NA,8.787
2015,54,774,0.2898876404494382,29,0.010752688172043012,165,0.07530807850296668,243,0.27150837988826815,7709.0842696629215,NA,6.0594
2015,55,2999,0.29593447799486877,602,0.05917043444073128,499,0.058865164562935,760,0.2215097639172253,7686.665975922637,NA,6.6154
2015,56,370,0.28287461773700306,56,0.0425208807896735,95,0.08788159111933395,160,0.3448275862068966,8238,NA,6.657
2015,57,3089,0.30979841540467357,1045,0.1047199118148111,708,0.08526011560693642,899,0.2617938264414677,8345.301073112025,5,8.0063
2015,58,675,0.2773212818405916,20,0.00819000819000819,113,0.05552825552825553,285,0.29936974789915966,8036.4334428923585,NA,4.7787
2015,59,3253,0.2622329705763805,390,0.03139591048140396,1226,0.12006659484869259,1071,0.2413793103448276,10508.79193873438,1,8.8203
2015,60,14199,0.2553685119240315,631,0.0113466760173347,11023,0.22776675758327133,6600,0.285899935022742,14446.841336642567,27,10.0344
2015,61,7638,0.2683389544688027,680,0.023903262092238472,5443,0.21578655248969236,3089,0.26744588744588743,13521.052698145026,21,9.734
2015,62,3497,0.2512573645638741,417,0.030130057803468207,2771,0.22847955145118734,1481,0.2557858376511226,13496.265842793504,4,9.4546
2015,63,5613,0.25818767249310026,684,0.0316095937889921,4480,0.23323615160349853,2178,0.24535315985130113,13718.292042318308,11,9.7254
2015,64,10740,0.28455607662347987,1372,0.03647675005981974,9113,0.27091384743444913,4936,0.306412564404991,14216.720477969426,270,10.6257
2015,65,7188,0.2708160651043629,859,0.03237599879390924,5685,0.244695045839969,3062,0.28772787070099604,13774.634654509833,50,10.3108
2015,66,4675,0.321482602118003,928,0.06387225548902195,4116,0.32081060015588464,2006,0.333999333999334,14461.524136982533,101,11.4877
2015,67,2196,0.2393982339474545,474,0.05146021061773966,3994,0.5253880557747961,1047,0.30025810151993115,21759.76234601548,111,14.2878
2015,68,9273,0.2805154732734368,1824,0.05534148487514791,8320,0.2993236436897395,4455,0.3308332095648299,14571.126115497475,406,11.7336
2015,69,3597,0.2727065959059894,597,0.04516910040099872,4104,0.3870237646171256,1921,0.3681487159831353,16597.39181197877,145,12.4914
2015,70,6563,0.2904624917017039,2763,0.12231617158794103,1909,0.09852394715111479,1935,0.2393617021276596,9177.355521132995,30,8.3818
2015,71,5635,0.28387909319899246,646,0.032476999648082046,3765,0.21871732310909725,2367,0.29628238828389036,13145.71974811083,36,9.9554
2015,72,6114,0.23848344190037835,599,0.02338564847349106,3898,0.17259242860305513,2410,0.2291963861150737,12853.706790966182,9,9.4005
2015,73,6792,0.23993217465027555,800,0.02824160694743531,3040,0.12159513619455221,2326,0.20904107126808663,11694.08033064858,6,9.0998
2016,01,18391,0.39312128596468726,14950,0.31898777391341454,9296,0.22733052919886532,6231,0.37761347797103206,8540.893035782994,177,12.263659931586538
2016,02,6777,0.43929474298308163,2705,0.17372037762507225,5462,0.3820381898300343,2985,0.4677950164551011,11486.047125170157,188,13.042660533961676
2016,03,5644,0.3838933478438308,1301,0.08792917004595836,3502,0.25625640275135375,2905,0.42595307917888564,11174.502788736227,68,18.17697755844291
2016,04,9017,0.4095471680973793,3099,0.13978349120433017,7573,0.3773669523619693,4591,0.4676105113057649,12013.63133033565,169,14.089730912022375
2016,05,9353,0.29882743857631233,2256,0.07235871447815767,10290,0.37063717897921694,3730,0.2957500792895655,15865.907856481037,331,11.757594400053952
2016,06,14997,0.29561806390569867,2515,0.049729109819274725,15957,0.3500493583415597,6712,0.31081268812225055,15656.62070528868,772,12.199300582122477
2016,07,12529,0.2908715234248038,3173,0.07373239763907607,18845,0.4958297155787092,6166,0.3375670644914048,20514.127362213865,1653,12.857185694822002
2016,08,12605,0.30422609996862404,2733,0.06609751378543098,16791,0.45453561083890526,6091,0.33961527739057706,18541.8688002317,709,12.72613109643339
2016,09,16728,0.29454852796168474,2969,0.052300591882750845,20494,0.4014652875724808,7475,0.3069815195071869,17336.536149457672,418,12.374657999869669
2016,10,11350,0.300304273051991,3236,0.08565378507146638,11554,0.340303958529689,5201,0.3202980662643183,15544.321762137848,590,12.081891072059976
2016,11,13242,0.33409022101120195,5600,0.14098335892852648,8451,0.24024220371265315,5543,0.35128968882692185,11192.591734786558,518,12.279045541600153
2016,12,335,0.2999104744852283,22,0.019538188277087035,51,0.05161943319838057,129,0.29318181818181815,9411,3,5.872399166666667
2016,13,7554,0.25157358377460287,1260,0.04193849021435228,3610,0.13965183752417795,2971,0.25601034037052994,11823.86518799747,7,8.866678254785983
2016,14,2979,0.29294915920936176,575,0.056594488188976375,2600,0.2841840638321128,1309,0.30967589306837,14146.877274068247,73,12.045714668519281
2016,15,5084,0.3241106719367589,1192,0.0757932218477777,3986,0.2837010676156584,2289,0.34797810884767405,13604.76507713885,168,12.155496848298746
2016,16,4826,0.2648446932279662,603,0.033197533582911255,3598,0.22220849802371542,2112,0.2846744844318641,13741.951432334541,44,10.818964766248092
2016,17,6754,0.2854365649564703,995,0.04225591370450588,5016,0.2368271954674221,2948,0.29856187968401865,13431.969909559632,106,11.745642183883282
2016,18,11869,0.2948966408268734,1861,0.04632233976353454,10962,0.30536520140397794,5474,0.3215082814518971,14943.03948022262,245,11.889901395961813
2016,19,11396,0.2521964281762454,1385,0.030681641966283424,16461,0.4111138861138861,4902,0.26302516499436607,19932.893132980724,210,13.043827201183602
2016,20,6133,0.25963085259503854,463,0.019721429484176003,7706,0.3701071034052159,2243,0.23418250156608894,18119.96126492253,46,12.907779683452826
2016,21,2523,0.2143949694085656,790,0.0674061433447099,5016,0.5094972067039106,725,0.17490952955367914,26916.34449354181,11,14.649640166198667
2016,22,1025,0.22487933304080737,220,0.047919843171422345,1524,0.4120032441200324,410,0.2665799739921977,18888.483984203598,3,15.080122378409715
2016,23,5530,0.22542904895846072,1237,0.05059511636467749,9891,0.4941793654758931,2047,0.23298429319371727,23103.17325017325,27,15.93577524576695
2016,24,3592,0.22104615384615384,544,0.03350166276635053,6895,0.5177592550874822,1056,0.19175594697657528,27693.799753846153,35,15.644186976240649
2016,25,6006,0.2363357336796128,813,0.03216235461666271,10329,0.4834316203313676,2137,0.23050372128141516,23856.02648250895,33,14.21909035886717
2016,26,11117,0.2385673512307131,1613,0.03480643908333693,19924,0.5030042918454936,4648,0.2514335172563021,24467.30219532608,254,13.777208165609851
2016,27,7726,0.2666804735770253,894,0.03102335427004893,11966,0.4812386889201689,3634,0.30298482574620644,20224.516033274653,154,13.727667807074935
2016,28,3917,0.2542680947744239,484,0.03144490644490645,5152,0.38551331936545946,1842,0.28673723536737233,18007.68698474521,40,12.65328067966951
2016,29,1990,0.2731640356897735,168,0.023007395234182416,1840,0.2895813660686182,940,0.3100263852242744,13876.95730954015,20,11.227775077375467
2016,30,3459,0.26863932898415654,292,0.022798251093066834,4481,0.39286340522532,1483,0.2768857356235997,17171.94027648338,38,12.11431159818923
2016,31,16846,0.3382459240221669,2979,0.05982288089643954,18902,0.42611420455826327,9196,0.4057178152298597,15744.038611356518,754,13.497833940844561
2016,32,9468,0.2810412894416575,1229,0.03646667853539849,11662,0.38794451282392467,4580,0.3105505831299159,17226.128380183443,229,12.481443701651234
2016,33,6738,0.2676571065384921,704,0.028053397091053995,6800,0.3017796121244397,3119,0.29234230012184836,15054.729562246763,106,11.434791486332804
2016,34,2327,0.2643417016926048,259,0.02943181818181818,1973,0.25178662582950484,1102,0.2946524064171123,13749.808815176644,20,11.495009974486086
2016,35,9438,0.2641108157268784,712,0.020068209363285322,8770,0.27954864210123676,4415,0.29333599096405555,14639.982034420036,75,11.141579647760567
2016,36,2004,0.21674237508111616,51,0.005523066926575698,2358,0.29611955293231196,858,0.23436219612127834,17476.410123296562,4,11.89289610739483
2016,37,8111,0.26233060577638345,555,0.017980367382641655,3143,0.11620512441305875,3260,0.2599473726178136,10723.874349105728,33,9.821304588678311
2016,38,2889,0.25963871663521165,211,0.01905708092485549,1486,0.1517565359477124,1294,0.2799048237075492,11931.242293520267,9,10.181073895015938
2016,39,1531,0.23168886198547214,57,0.008703618873110398,1070,0.18253155919481406,649,0.24037037037037037,12580.178420096852,4,8.729450674866046
2016,40,1009,0.20420967415502936,48,0.009708737864077669,1013,0.22794779477947794,537,0.2568149210903874,13869.419348310059,NA,10.293969724135787
2016,41,1182,0.2107703281027104,23,0.004112283211156803,1438,0.29245474883058775,529,0.2289052358286456,16267.99197574893,1,11.233054566684174
2016,42,193,0.40208333333333335,38,0.06551724137931035,131,0.2651821862348178,105,0.42,13651,NA,12.32197980216241
2016,43,6125,0.2343690211984388,399,0.015287942066745852,4950,0.21465741543798786,2611,0.25,14067.020854059845,7,10.604753246726336
2016,44,6100,0.24235200635677392,659,0.026251842409273793,4739,0.21297919194642936,2571,0.24754477180820336,13584.605442987684,9,10.489836568446588
2016,45,6041,0.24914422402771477,696,0.02877697841726619,3439,0.16052840405172011,2577,0.2576227131860442,12264.742896028374,2,10.046322730252864
2016,46,3917,0.2580368906455863,714,0.047013893461513134,1703,0.12937780141305175,1435,0.23413281122532223,10184.39090909091,0,9.453471129806989
2016,47,540,0.24379232505643342,6,0.002718622564567286,152,0.07863424728401448,259,0.2833698030634573,9438.729119638827,NA,8.07146571061543
2016,48,3101,0.20928663022204225,114,0.007702182284980745,2263,0.17354294478527607,1177,0.1963302752293578,13629.32024026456,1,8.784614277028165
2016,49,1465,0.21446347533304055,10,0.0014637002341920376,691,0.11367001151505182,619,0.22122944960686206,12743.35821987996,1,8.039330147660692
2016,50,4398,0.2888859695218077,472,0.030912305979435457,1026,0.07901424720831729,1459,0.2532106907323846,9306.498357856017,2,9.360139362177568
2016,51,3219,0.2656378940419211,409,0.03374865913029128,1106,0.10468528159015618,1357,0.27123725764541273,10073.76324475986,3,10.098426851539275
2016,52,6408,0.24858406393048335,723,0.028075489282385836,2557,0.1128669167954094,2504,0.23613730667672575,11124.96807355109,4,10.297915101874342
2016,53,1902,0.26505016722408026,391,0.05441892832289492,425,0.06945579343029906,803,0.2813594954449895,8668.689102564103,NA,8.597078544540132
2016,54,775,0.283363802559415,40,0.014477017734346724,179,0.0803411131059246,241,0.26718403547671843,7856.006581352834,NA,7.393487300435411
2016,55,2829,0.2841217234106659,546,0.05468202303455183,515,0.061735794773435625,758,0.22209200117198946,7688.898965551873,NA,6.97053249567396
2016,56,345,0.2593984962406015,49,0.036458333333333336,89,0.08210332103321033,167,0.3583690987124464,8445,NA,7.9019086278654935
2016,57,2999,0.30110441767068274,1039,0.10427539140907266,754,0.09105180533751962,863,0.2501449275362319,8638.858935742972,4,8.509226671510785
2016,58,671,0.2724319935038571,11,0.0044588569112282124,105,0.051094890510948905,286,0.29791666666666666,8507.065773447015,NA,3.516845571265721
2016,59,3111,0.25008038585209,428,0.034377510040160646,1267,0.12364594515467942,1026,0.2331288343558282,10871.90884244373,1,8.711187605241138
2016,60,13801,0.24717028440432695,642,0.011517761033369215,11344,0.2338294100671971,6486,0.2803423236514523,14749.810283687943,29,10.898830832964741
2016,61,7428,0.26201982433242793,722,0.025461983354492877,5630,0.2238212610320426,3046,0.2631533477321814,13870.31450844827,22,10.494395634859442
2016,62,3444,0.24705882352941178,458,0.03307097985414109,2855,0.23457398734697232,1473,0.2539217376314429,13761.069225251076,6,10.394278905783805
2016,63,5495,0.2512,725,0.033264510208763476,4654,0.24147771493799616,2168,0.24381466486729644,14135.342034285713,17,10.806024787604008
2016,64,10559,0.2803696131276387,1447,0.03850554831155699,9460,0.2812964614927148,4865,0.3027380211574362,14605.894931095829,267,11.709483554715872
2016,65,7034,0.2649440656898565,915,0.034452895549363656,5884,0.25265146635750785,3037,0.28505725549089544,14219.056160307357,51,11.19309197844161
2016,66,4634,0.31614135625596945,956,0.06513592696055052,4235,0.32760888063742555,1984,0.33066666666666666,14829.573475235366,103,12.787801165126446
2016,67,2173,0.23652987917709808,455,0.04929043440580652,4027,0.52503259452412,1032,0.294941411831952,21915.00435397845,111,16.208790534340928
2016,68,9012,0.2711517631483933,1835,0.0553461016437943,8716,0.31227831320984556,4454,0.3306852773034375,14921.193344566133,395,12.789482756076671
2016,69,3403,0.2571601299780851,601,0.04531744834866536,4188,0.39397930385700847,1871,0.3570610687022901,17101.359026675735,129,13.872349345176756
2016,70,6413,0.28468060549562746,2729,0.12127810861256777,1996,0.1033982594280978,1929,0.23891503591776073,9428.016025214187,32,8.771495642586551
2016,71,5598,0.27881263074011353,692,0.034357777667444515,3927,0.2265228426395939,2386,0.2965817277812306,13715.893565096125,41,11.783817068922774
2016,72,6028,0.23448866067608046,706,0.027523293438852285,4061,0.17965846752787118,2412,0.2295612448843628,13133.646438713191,15,9.965651331533733
2016,73,6564,0.23265045721981994,873,0.030914692446616383,3144,0.1260827718960539,2318,0.20888528431107506,11994.013539377615,9,9.112667914294741
2017,01,18782,0.3956270800859418,15398,0.32362337116435475,10022,0.24220600319010102,6485,0.3872797850104509,9001.906580444032,177,13.915647800692472
2017,02,7051,0.4430968390624018,3041,0.1888702565058071,5734,0.38793045125498954,3027,0.46835834751663313,11968.655187582479,188,14.191884811686215
2017,03,5851,0.39778366986198926,1417,0.09527972027972027,3763,0.2740314593649869,3024,0.43927948866937827,11554.582160581956,68,19.844592488708642
2017,04,9349,0.41411233167965983,3314,0.14577926362556637,8172,0.3978384694026581,4781,0.47629009762900976,12655.54252303331,169,15.713611120621234
2017,05,9629,0.3035815625197049,2598,0.08211644225298692,10746,0.3815102779848759,3779,0.2978170068563323,16379.316129642475,331,13.11479627587323
2017,06,15041,0.2948579718100018,2774,0.05450972686185891,16582,0.36139746747161255,6737,0.3107185683977493,15978.3482386152,772,13.347805005141533
2017,07,12762,0.2925655074390775,3531,0.0809639548748051,19417,0.5046916019026331,6230,0.3384765837226991,20940.144517548888,1653,13.5422802573059
2017,08,13091,0.3120173515111069,2943,0.0702185531589998,17479,0.4669908359827941,6117,0.33934317097525796,19231.02531223186,709,13.732518537185904
2017,09,17072,0.2973231857050802,3190,0.055601066703850247,21370,0.41403495175727517,7436,0.3036961404941801,17845.95383061356,418,13.549460119840361
2017,10,11455,0.3014077095119063,3489,0.09188591293355455,12067,0.35269188051674755,5260,0.3230958230958231,15998.447546375477,590,13.01762326641725
2017,11,13273,0.3325482925362664,5809,0.1452649478606617,8978,0.2538955346285456,5648,0.35683598685873136,11618.764187106957,518,13.692917004798652
2017,12,333,0.2949512843224092,21,0.018617021276595744,53,0.05337361530715005,137,0.30855855855855857,9917,3,6.127204749810273
2017,13,7504,0.24809892217152682,1424,0.04707282403887475,3755,0.1437430616697929,2992,0.2558795860771402,12021.178073133637,7,10.36207564431409
2017,14,2990,0.29111089475221497,632,0.06168862859931674,2747,0.29671635342406566,1329,0.31277947752412333,14681.754843734787,73,13.034586853868364
2017,15,5061,0.3226855394032135,1293,0.08209002603009333,4187,0.29802832941846397,2324,0.35233474833232264,13956.794248916092,168,12.91395537399208
2017,16,4781,0.26127110771080386,711,0.03901020520136069,3726,0.22940524565940154,2079,0.27984923946695384,14154.530083611126,44,11.9362383243163
2017,17,6772,0.28489692890197726,1052,0.04441817260597872,5280,0.24831867563372995,2962,0.2994944388270981,13715.929070256627,106,13.14803988429266
2017,18,11991,0.29527937156787903,1962,0.04837039593708397,11452,0.3166860240030972,5520,0.323469088778201,15293.877539461695,245,13.184824350334544
2017,19,11474,0.253395463881098,1440,0.03184642944025477,16922,0.4210814442481399,4990,0.26572234943287715,20291.06651796559,210,14.331099229190947
2017,20,6116,0.2577219670473221,599,0.025389962699220076,7871,0.3766569364023544,2269,0.23549558899844317,18396.400530951076,46,13.369236308238131
2017,21,2580,0.21467798302546182,885,0.07389779559118237,5155,0.5155515551555155,733,0.17514934289127837,27109.063488101183,11,16.211643256314822
2017,22,1028,0.22304187459318725,241,0.05195085147661134,1554,0.41373801916932906,402,0.2581888246628131,18664.97244521588,3,16.579957237339364
2017,23,5526,0.2227866473149492,1376,0.05561843168957154,10051,0.4964437419737232,2015,0.22835448776065276,24242.54926624738,27,17.50943898814595
2017,24,3720,0.22572815533980584,597,0.036313868613138685,7049,0.5197994248211784,1034,0.1870477568740955,28413.621177184465,35,16.88121475595254
2017,25,6044,0.23646322378716744,882,0.034652103877735436,10535,0.4924277834906983,2070,0.22339736671703,25090.43016431925,33,15.37836978428816
2017,26,11295,0.238900991983756,1909,0.040601471776766346,20486,0.5097795252077838,4641,0.24936865294718177,25499.082256392903,254,14.605387979284014
2017,27,7684,0.2634032634032634,925,0.031909755761004556,12227,0.48964799167033757,3619,0.3007062733693394,20822.69652406417,154,14.876829489022498
2017,28,3876,0.24863685932388221,542,0.034864273768171875,5268,0.38996224739062846,1890,0.2915316982878297,18085.354673166978,40,14.112132218205456
2017,29,1951,0.26616643929058664,177,0.02416382252559727,1882,0.29633128641158873,941,0.308625778943916,14331.035743519782,20,12.45399696730529
2017,30,3484,0.2685577738379712,324,0.025085165685970887,4559,0.3986882378662003,1460,0.27238805970149255,17800.06752485932,38,12.343134468034393
2017,31,16856,0.33714022841370483,3299,0.06600904397935091,19586,0.43960138259191095,9136,0.40326638711101304,16298.073084385063,754,15.011576445180017
2017,32,9480,0.2802412202908833,1296,0.038314855875831486,11996,0.39820746887966807,4580,0.3086669362447769,17572.969108430887,229,13.570804470730733
2017,33,6702,0.26421193723882364,676,0.026772277227722772,7096,0.3126817661055786,3119,0.29065324760041,15251.079082236063,106,12.592155781669998
2017,34,2332,0.2635028248587571,292,0.03305036785512167,2046,0.25977653631284914,1129,0.30002657454158915,14119.582937853107,20,12.423628181218698
2017,35,9452,0.26205328675594003,848,0.02363697179172706,9162,0.28987249659885467,4445,0.2937871777924653,14870.2744184757,75,12.28238423257657
2017,36,1942,0.20983252296056185,61,0.006613183000867303,2425,0.3047248052274441,859,0.2343792633015007,17528.53430578066,4,13.105167965557687
2017,37,8021,0.2576862530921708,660,0.02127453824581762,3367,0.12382773711889963,3278,0.26067594433399605,10941.437562244997,33,11.008784278183585
2017,38,2989,0.25980008691873097,255,0.0223292469352014,1652,0.16418207115881533,1336,0.28263169028982443,12190.989048239895,9,11.175202559779532
2017,39,1573,0.233278955954323,105,0.01566696508504924,1145,0.19227539882451722,671,0.2447118891320204,13110.315734836126,4,9.516336904626026
2017,40,1053,0.21144578313253012,47,0.009416950510919656,1074,0.2392515036756516,549,0.2596972563859981,14001.124899598393,NA,12.517368894607756
2017,41,1241,0.21768110857744255,33,0.005788458165234169,1498,0.298050139275766,544,0.2313908974904296,16530.980529731627,1,12.160214214540861
2017,42,202,0.390715667311412,28,0.047058823529411764,150,0.29239766081871343,108,0.4122137404580153,13146,NA,15.066465182564256
2017,43,6124,0.232816301703163,395,0.015073459263499333,5239,0.2263555843594729,2589,0.2473251815055407,14457.070255474453,7,11.653300619942517
2017,44,6009,0.23797077343471545,733,0.02907691697409655,4821,0.215994623655914,2534,0.24402927580893682,13723.775929666152,9,11.369035105860624
2017,45,5998,0.24290284696067713,853,0.03454140514274145,3595,0.1656071494379952,2574,0.2559411355274933,12373.215526667476,2,10.797815020069994
2017,46,3952,0.2578456318914334,740,0.04833126510352034,1833,0.13814153289622427,1462,0.23772357723577237,10268.775559470216,0,10.585956104108476
2017,47,526,0.23534675615212527,5,0.0022593764121102574,170,0.08700102354145343,268,0.29067245119305857,9608.542281879194,NA,11.17761703005277
2017,48,3163,0.21045977776299155,156,0.010386843331779746,2292,0.173662676163055,1164,0.19335548172757475,13923.108456983166,1,9.377243792194715
2017,49,1429,0.21039458186101295,6,8.882309400444115e-4,687,0.11413856122279449,610,0.21816881258941345,12780.978651354535,1,8.6017603623803
2017,50,4399,0.2848355348355348,534,0.03450949980612641,1151,0.08764181832026194,1509,0.25830195138651146,9526.743654493654,2,10.172547119022875
2017,51,3213,0.2625858123569794,419,0.03427402862985685,1178,0.1105999436672613,1399,0.2764822134387352,10226.080009807127,3,11.086088326452812
2017,52,6367,0.24442397020998888,900,0.03460074583829918,2666,0.11665353986173099,2521,0.23751648765781044,11314.753618181121,4,11.26429756446313
2017,53,1902,0.2644605116796441,393,0.0546440489432703,458,0.07465362673186635,792,0.27867698803659396,8903.033926585094,NA,10.652752656544791
2017,54,779,0.27712557808609034,34,0.012061014544164597,198,0.08653846153846154,232,0.2543859649122807,8142.141942369263,NA,6.782010885388813
2017,55,2861,0.27817209528439474,592,0.05752599358662909,559,0.06535718461358588,761,0.21874101753377406,7770.3919299951385,NA,7.589143974004675
2017,56,355,0.263353115727003,56,0.040995607613469986,95,0.08597285067873303,169,0.3572938689217759,8556,NA,6.048871236597235
2017,57,2878,0.2903551251008878,1040,0.10465935392975748,774,0.0937046004842615,875,0.25201612903225806,8789.415153349475,4,9.161313642350953
2017,58,661,0.26482371794871795,17,0.006797281087564974,121,0.05828516377649326,284,0.29338842975206614,8664.650240384615,NA,6.210010197104395
2017,59,2937,0.23573320491211172,434,0.034859437751004016,1307,0.12792404815503572,1038,0.23532078893674904,11124.772373384701,1,9.51793448325227
2017,60,13538,0.24009931719428926,781,0.013870881804457863,11784,0.24077479465489762,6480,0.2777301560089148,14983.277431941118,29,12.33028567546414
2017,61,7405,0.258148858288304,832,0.028997630001394117,5872,0.23129948398786782,3061,0.2624314128943759,14141.74537214572,22,10.83552707468087
2017,62,3460,0.24649141554463205,449,0.032209469153515066,2953,0.24123846091005638,1491,0.2571132953957579,14032.022155731282,6,11.370928373520428
2017,63,5456,0.24858757062146894,844,0.03859697260712489,4840,0.24994835777731875,2178,0.2438150677264077,14371.760707125934,17,11.465544277470096
2017,64,10646,0.28153593907018565,1574,0.0417329515325061,9968,0.29493742048110777,4907,0.30429120674686844,14867.737769080235,267,12.95227410092702
2017,65,7090,0.26593151044596974,1002,0.037508422549973795,6115,0.26096790713554113,3007,0.2820560922990339,14425.930572746709,51,12.445475638093264
2017,66,4684,0.3120794190152575,1062,0.07068690095846646,4529,0.3429761453994699,2042,0.3331701745798662,15245.557998534212,103,13.755471672040114
2017,67,2189,0.236495246326707,473,0.05097532061644574,4107,0.5278241871224778,1002,0.285958904109589,22247.322925669836,111,17.13150159543274
2017,68,8838,0.26327862015550063,1937,0.057896939263510284,9123,0.3237976929902396,4503,0.3319327731092437,15415.278918049391,395,13.96589409411996
2017,69,3282,0.2430750999851874,689,0.050897540075349045,4353,0.40134611838465795,1883,0.354480421686747,17331.1133906088,129,16.031174667325445
2017,70,6468,0.28364688856729375,2762,0.12120414253115674,2168,0.11101438885759639,1999,0.2465466206216083,9585.205455422532,32,10.031687124245062
2017,71,5506,0.2726147447640739,751,0.03708825127166774,4087,0.2339840842732009,2385,0.2961261484976409,14047.766202901421,41,12.935796963802625
2017,72,5994,0.2318941504178273,973,0.03768542546186917,4275,0.18757404238515205,2430,0.2308788598574822,13419.070721138965,15,10.90435678318532
2017,73,6501,0.23000176897222713,970,0.034255041141363844,3306,0.13224528981159248,2346,0.21064918739337343,12112.128215107023,9,10.162101408993312
2018,01,18568,0.394610447570876,15150,0.3209745762711864,10569,0.25754179053560117,6815,0.4038279213083669,9317.576507842054,179,14.015728576014878
2018,02,7624,0.4555993785108163,3899,0.23076467803030304,5914,0.3802970870040512,3105,0.478502080443828,12063.511473646467,194,13.804199908821388
2018,03,5842,0.40381558028616854,1460,0.09957713818033011,3887,0.28648290094339623,3198,0.46394893370085594,12022.06960669109,66,16.88330017272174
2018,04,9082,0.40799640610961363,3363,0.15000669075337883,8244,0.4067696254995806,5021,0.49624431705870725,13389.624842767296,168,15.016393021355725
2018,05,9546,0.3005099792230687,2772,0.08752210154079312,11016,0.39080459770114945,3838,0.3024190371129147,16939.09554240383,331,13.134292420124293
2018,06,15127,0.29649157193257547,2957,0.05806236255105247,17253,0.3761363884104733,6917,0.31789144721724344,16649.173755390042,768,13.70588149672008
2018,07,12667,0.2929395712402581,3548,0.08212012498553409,19624,0.5135290731145653,6351,0.34490061909416747,21664.82544344488,1664,13.962855782008571
2018,08,13210,0.3141722358313316,3111,0.07408554010287674,17937,0.4782052307446213,6224,0.3441526126624274,20150.048112826124,708,14.054576834163274
2018,09,17138,0.2988421566575992,3242,0.056567560022333895,22068,0.42775731730955613,7573,0.3082088641080949,18590.17641417312,413,13.92147503109356
2018,10,11410,0.301405325443787,3551,0.09374587502309988,12408,0.36368965618313454,5311,0.3265494343334973,16450.096470836856,587,13.16945079913711
2018,11,13073,0.33254477004477007,5740,0.1455965909090909,9454,0.27070984737851844,5789,0.3672524265685466,12006.399496336997,519,13.850183250221873
2018,12,338,0.29832303618711387,29,0.025505716798592787,61,0.06087824351297405,146,0.3173913043478261,10139,3,6.829993049100258
2018,13,7401,0.24365432098765433,1593,0.05244789780397063,3997,0.15222027572549318,2988,0.25429787234042556,12469.545810699588,7,10.583254460033988
2018,14,2944,0.28982083087221894,610,0.060045280047248746,2799,0.30530104712041883,1321,0.31133631864246997,15139.683894467415,73,12.36690619176676
2018,15,5090,0.3235238034704125,1303,0.08258857831019839,4410,0.3141249376736235,2375,0.3578423986740997,14401.961291552787,177,13.53845149083102
2018,16,4916,0.26509922346850734,706,0.038222077851767636,3935,0.23884673748103186,2152,0.2843176113092879,14603.890584555651,44,12.153090194724559
2018,17,6755,0.2844929245283019,1118,0.047280724012517976,5543,0.26126508295625944,3008,0.30347054075867635,14401.76179245283,106,13.039599815119193
2018,18,11958,0.2935847388966635,2116,0.052025963808025176,11876,0.3275686112260378,5551,0.32620320855614976,16054.837764847414,245,13.14836360000168
2018,19,11342,0.24985680926994758,1527,0.03369819481837843,17395,0.4336175092232526,4980,0.2644013804088134,21145.395580913777,209,14.843316401220207
2018,20,6062,0.25547875927174646,674,0.02854239010756331,8100,0.3885451144049504,2252,0.2334404478076086,19159.77701449764,46,13.58974598342385
2018,21,2558,0.21441743503772004,871,0.07323635752123098,5219,0.5234704112337011,746,0.1781279847182426,29031.83973176865,11,15.351873236161412
2018,22,1001,0.21596548004314994,249,0.05358295674628793,1591,0.4229133439659755,397,0.2509481668773704,19758.617907227617,3,11.93202486359886
2018,23,5431,0.21854251337974326,1353,0.054693184574339075,10231,0.5051597294228015,2057,0.23216704288939052,26231.87481389079,27,17.2459772191245
2018,24,3692,0.22364913981100074,600,0.03649191095973726,7173,0.5300768548625481,1014,0.1832309360318034,30529.748849042888,35,16.42509189795215
2018,25,5924,0.23203164780071286,885,0.034779533128979016,10767,0.503719298245614,2069,0.22256884681583478,26527.5181935686,32,16.101923623124364
2018,26,11251,0.23787475157511945,2003,0.042560877140793,20843,0.5183149727699997,4714,0.2522339343999144,27035.088904393422,244,14.791786748495745
2018,27,7667,0.2622541474260304,976,0.03355335533553355,12499,0.4991613418530351,3592,0.2968349723163375,21723.61279288524,156,14.616039991769998
2018,28,3972,0.25175888952272296,595,0.03783543176904489,5449,0.3995746865146293,1904,0.29104249464995413,18875.393357419027,40,13.605092559007456
2018,29,1938,0.2633867898885567,187,0.02543871582097674,1966,0.3071875,979,0.3172391445236552,14802.242864908943,20,12.173779873853826
2018,30,3481,0.26700928127636725,394,0.0303895102198226,4670,0.4072200906871294,1483,0.2750370919881306,18321.23924215694,37,12.837779066735363
2018,31,16397,0.3311120534722643,3393,0.06844451616807537,19941,0.4515011547344111,9331,0.4112928108608454,17157.28612103956,753,14.595062554126894
2018,32,9593,0.28140217072455265,1428,0.041896491022180495,12431,0.4110644489269535,4553,0.3061663640642862,18190.05171604576,227,13.824051718642375
2018,33,6698,0.26363851058805005,771,0.030469490989566868,7335,0.32234673698088334,3143,0.2919375812743823,15871.242659214358,106,12.662438650846951
2018,34,2403,0.27,304,0.03418418981221185,2193,0.27706885660138975,1165,0.30730677921392774,14509.361573033708,20,12.154438352902115
2018,35,9642,0.264490467699904,970,0.026729126481124278,9619,0.30094171385664675,4499,0.29536502100840334,15355.164970511589,75,12.065026391169633
2018,36,1962,0.21074113856068744,83,0.008941075083485942,2536,0.31557989049278246,867,0.23572593800978792,17854.97475832438,4,12.09957080866064
2018,37,8094,0.25768043042246347,740,0.023660314618237626,3664,0.13361534534315514,3388,0.2666876574307305,11393.740091050906,33,11.332042223804827
2018,38,2994,0.25973800641971023,275,0.024036360458001924,1800,0.1779183552436493,1387,0.29108079748163695,12535.589485555653,9,12.12235318342253
2018,39,1631,0.23579586525950558,153,0.0222934576715722,1216,0.199311588264219,694,0.24723904524403278,13516.597224230158,4,9.675179140302086
2018,40,1110,0.2226233453670277,58,0.011644248142943184,1112,0.24871393424289867,569,0.2692853762423095,14509.748495788206,NA,11.019199777731066
2018,41,1240,0.21970233876683204,47,0.00831858407079646,1501,0.30098255464206936,547,0.23266695023394302,17088.62508858965,1,12.316018349633191
2018,42,220,0.3942652329749104,35,0.054945054945054944,161,0.29326047358834245,102,0.37777777777777777,14136,NA,7.971128265172065
2018,43,6075,0.22974812797821648,464,0.01760443146033312,5425,0.2336046161133359,2632,0.25078608861362556,15020.369866122079,7,11.800993065383983
2018,44,6048,0.23890973730989531,756,0.02993822271503247,5019,0.2245135316484008,2555,0.24487253210657467,14235.025992494568,9,11.570869831205213
2018,45,6138,0.24323360412126016,1017,0.040321941162477205,3855,0.17442649653861816,2599,0.25702136075949367,12803.856469189617,2,11.443372789929272
2018,46,4004,0.25954495365268687,796,0.05159115950482857,1958,0.14758423155197106,1550,0.2506873685912987,10669.236987100538,0,11.301119598163655
2018,47,524,0.23434704830053668,5,0.0022665457842248413,179,0.09207818930041152,280,0.30204962243797195,10053.836762075134,NA,8.083311403508773
2018,48,3130,0.20738090505532367,156,0.010374409789186674,2397,0.18120653159963712,1219,0.2015542328042328,14444.601868415823,1,10.070535946491548
2018,49,1414,0.20772733950345232,12,0.001771479185119575,733,0.12129736885652821,609,0.21718972895863053,13332.251065080065,1,9.465137012089402
2018,50,4449,0.28570511173901875,532,0.03406762295081967,1214,0.0916710715094767,1515,0.25835607094133695,9705.570703827383,2,11.206756851585912
2018,51,3207,0.26037184379313144,448,0.036467236467236465,1249,0.11661998132586368,1412,0.27762485253637437,10580.629455224487,3,11.648210581534391
2018,52,6395,0.24386988521526903,972,0.03715312284993502,2785,0.12120288972060232,2508,0.2351176525733571,11697.495290393928,3,11.760119271170527
2018,53,1949,0.26775655996702846,430,0.05901729343947296,516,0.08283833681168727,847,0.29287690179806364,9101.989971149884,NA,12.024754544132941
2018,54,783,0.2757042253521127,26,0.009078212290502794,197,0.08451308451308451,236,0.2518676627534685,8581.359154929578,NA,8.239509410577575
2018,55,2971,0.2818250806298615,635,0.06019527917338136,626,0.07133903133903134,776,0.2191471335780853,8120.700720925821,NA,8.719993745299636
2018,56,339,0.24600870827285923,56,0.040756914119359534,101,0.09042076991942703,170,0.3497942386831276,9236,NA,9.480468504925026
2018,57,2806,0.28189672493469964,1060,0.1062124248496994,815,0.09863245794505628,905,0.2595354172641239,9026.265220012056,4,10.007068088477615
2018,58,656,0.2640901771336554,52,0.020850040096230954,136,0.06535319557904853,301,0.3087179487179487,9098.006441223832,NA,7.477570815013892
2018,59,2947,0.2336848782808659,515,0.040834126228988264,1388,0.133989767352061,1056,0.23842853917362836,11537.12901435255,1,10.849144233980192
2018,60,13426,0.23599514861753176,849,0.014974337266522038,12383,0.25087623331104764,6478,0.2754837337869445,15636.067638114991,28,11.914705835204966
2018,61,7391,0.2561960553225415,875,0.030358753729789745,6138,0.24063982436193987,3084,0.2625798212005109,14547.218586432806,22,11.915952132128904
2018,62,3460,0.24579100660652128,440,0.03139045444817008,3117,0.25300324675324676,1519,0.2619868920317351,14537.598565035163,6,11.927190165322621
2018,63,5459,0.24870159453302962,840,0.038408779149519894,5098,0.2630954224080095,2219,0.24691220652052964,14953.771936218678,17,12.030094340542641
2018,64,10749,0.2835474425598143,1736,0.0459502382212811,10399,0.3070268674343076,4979,0.307725587144623,15380.289852014033,265,13.033132968216593
2018,65,7066,0.2655292923978806,1003,0.03760356915232632,6419,0.2741756364257646,3005,0.2811301337823931,15141.410243884107,50,12.55115119485355
2018,66,4688,0.3078135259356533,1104,0.07246947617172116,4685,0.3504900127178873,2060,0.33049895716348465,15660.746684175969,101,13.962705293049318
2018,67,2185,0.23832897033158812,456,0.04964616222101252,4125,0.5316406753447609,1006,0.287018544935806,23033.665794066317,108,16.8667861869431
2018,68,8582,0.2556830031282586,1994,0.0595064012653317,9520,0.33732549075189566,4578,0.33516362837689434,15956.261969313273,389,14.459997087737301
2018,69,3220,0.23906748830648156,732,0.05423025633427175,4394,0.4043434250483114,1845,0.3487712665406427,18206.805553493206,128,15.270815223662295
2018,70,6636,0.2828885668002387,2994,0.12760516557984913,2340,0.11696491052684195,2033,0.2499078057775046,9844.976383323386,32,10.947028566037146
2018,71,5450,0.26848613232178925,768,0.0376747608535688,4329,0.24686359489051096,2383,0.2938347718865598,14430.96467806296,34,13.633985195169029
2018,72,5937,0.2306706037765172,976,0.03796778962110013,4432,0.19505325235454626,2475,0.23450824332006823,13802.922138472297,15,11.5035988559038
2018,73,6503,0.22912409273483195,1123,0.039558968578272506,3485,0.13899968091895343,2366,0.21200716845878137,12463.691706010852,9,11.190063232165448
2019,01,19077,0.3994932255565095,15570,0.324923308082389,11163,0.2669233160373975,6873,0.4053671483338248,9748.244654786087,191,14.323614132049757
2019,02,9080,0.48223485049657444,5376,0.2823084598015019,6414,0.36397684712291456,3109,0.47552768430712755,13068.982526953105,192,14.29878969560128
2019,03,6182,0.41926076636147847,1605,0.10756651698947792,4190,0.30061701822356146,3229,0.46547498918840996,12576.543099355713,65,17.40046456969391
2019,04,9476,0.4153407845715538,3585,0.155998433488534,8725,0.4179240312305408,5017,0.4944318517788509,13838.019855358318,159,15.157329044420129
2019,05,9835,0.3042160289523338,3050,0.09448282271305102,11464,0.3983460161923625,3826,0.3012835656350894,17556.158031488758,332,14.015333335958172
2019,06,15537,0.3032319762676139,3250,0.06348400203148806,17968,0.3890777592516403,6913,0.3174158593140181,17087.943069596782,768,14.47648683792361
2019,07,12998,0.2984478324761205,3930,0.09014381723513086,20158,0.5214039988619021,6375,0.3451169337375487,22345.52750734754,1660,14.399608832391861
2019,08,13602,0.31967097532314925,3338,0.0785097725615636,18629,0.48927117531188447,6192,0.3424968195143537,20477.193701527616,710,14.475539079123978
2019,09,17402,0.301469059663225,3483,0.06024804967912681,22946,0.44113349738541985,7634,0.30943212678853715,19041.401964520825,413,14.521146251476097
2019,10,11561,0.30332686152070104,3776,0.0989051286080989,12932,0.37679554791527053,5228,0.3230151374729688,17041.902319357716,584,13.848563622132446
2019,11,13503,0.33825150300601203,5995,0.14963184824659928,10108,0.28438792448583405,5782,0.36581045172719223,12599.1373997996,519,14.359229885638657
2019,12,350,0.2973661852166525,32,0.027280477408354646,71,0.06859903381642513,150,0.32537960954446854,10411,3,7.100991793822579
2019,13,7517,0.24444733504601476,1810,0.058925025230328484,4322,0.16225550925404514,3025,0.2557923220023677,12933.634353354362,7,10.826746822359492
2019,14,2997,0.293162476768072,643,0.0629096957244888,2944,0.31765213638325424,1301,0.30640602920395665,15620.418761615963,73,12.840954082915902
2019,15,5196,0.3262384629873799,1317,0.08255500532815145,4626,0.32552248258391386,2387,0.3585160708921598,14977.439442456207,172,13.832742542799204
2019,16,5152,0.2685151404596862,779,0.04077680067001675,4326,0.2544556202576319,2215,0.2853645967534141,15289.516391306614,44,12.756845095570602
2019,17,6899,0.2850826446280992,1184,0.04912047792897444,5885,0.2724915497522804,3014,0.3015206082432973,14751.806239669422,106,13.818826364961101
2019,18,12545,0.3012366430543883,2503,0.06005998800239952,12425,0.3342749529190207,5561,0.3262923194273309,16433.83402569336,245,13.842839412213522
2019,19,11543,0.25174474395882407,1744,0.038142729042276315,18023,0.44461713045194395,5050,0.2661817415138098,21690.80794730873,208,15.052336801010366
2019,20,6000,0.25270606073368995,718,0.030391534391534393,8336,0.3991572495690481,2210,0.22956268827256673,19838.09821842227,46,14.44955937675135
2019,21,2519,0.21209059526816537,876,0.07400523781363522,5259,0.528648974668275,720,0.17320182824152033,29212.98450787236,11,15.686281801097593
2019,22,986,0.2119518486672399,268,0.05751072961373391,1633,0.4270397489539749,401,0.2507817385866166,21607.889939810833,3,13.859396105896742
2019,23,5379,0.21638038537350657,1452,0.05858145727426773,10445,0.5134949117545843,1988,0.22565266742338252,26757.198761012107,27,16.866645352136484
2019,24,3633,0.22007511509571118,619,0.037723200682552256,7295,0.536910281887098,1020,0.1842485549132948,31055.044826750665,35,17.04511496568929
2019,25,6007,0.23339031781801228,950,0.03704714736965253,11091,0.5130209537906472,2105,0.22427018964415085,27353.864713652965,32,16.038572036859406
2019,26,11353,0.23936327219059667,2168,0.04585351409657156,21248,0.5261880587404968,4670,0.2499197259980734,26934.580202403544,244,15.275452400051838
2019,27,7791,0.26451415766958647,1149,0.03922706633436892,12884,0.5100756166119007,3574,0.2945685321025303,22199.683947850885,144,15.027643645449707
2019,28,3984,0.25061332326854124,653,0.04108985653158822,5677,0.41254269311823266,1889,0.28712570299437606,19141.350946719507,40,14.03828875752721
2019,29,1942,0.2620429091890433,208,0.02806638780191607,2046,0.3156433199629744,954,0.30913804277381723,15715.941573336931,20,12.715733915523172
2019,30,3501,0.26456585808206756,485,0.036837308218137625,4823,0.4165299248639779,1508,0.2782287822878229,19041.332955490063,37,13.14764745120012
2019,31,16561,0.3316245819900278,3732,0.0746937795212553,20716,0.4652876041596478,9312,0.4089052825714662,17737.11574120427,750,15.09676059493889
2019,32,9840,0.2843601895734597,1604,0.04634364797318771,12917,0.41931504625872423,4592,0.3086021505376344,18956.618310021964,224,14.732872616891493
2019,33,6761,0.26412219704664425,817,0.032016615722235284,7633,0.33254912211911297,3108,0.28879390447872144,16596.964450347685,92,13.495668667136838
2019,34,2499,0.27458521041643774,355,0.03914433785422869,2324,0.2878731574383748,1187,0.30855211853392256,15087.500604329194,20,13.40042936943279
2019,35,9672,0.2628403717593347,1075,0.029364363954218906,10027,0.310183753016148,4537,0.29698239183085684,15911.682591445187,75,12.91937086118691
2019,36,1941,0.20717259045789305,106,0.011334473909324209,2637,0.326644370122631,876,0.2357373519913886,18587.440068310385,4,12.84777882696864
2019,37,8210,0.25837922895357984,866,0.027382533358628978,3927,0.14144215530903329,3336,0.2623053939298632,11864.842832415421,33,12.091516130739542
2019,38,2998,0.2570963039190464,306,0.026392961876832845,1862,0.18156996587030716,1392,0.29006042925609504,12878.468913472258,9,12.603704324375947
2019,39,1759,0.24491785018100806,193,0.027175443537031822,1288,0.2046068308181096,683,0.24151343705799153,13640.70941241994,3,10.64625840599057
2019,40,1196,0.2390565660603638,63,0.012532325442609906,1168,0.259094942324756,584,0.2753418198962753,15020.557065760544,NA,11.883546670347888
2019,41,1241,0.21737607286740235,58,0.01015406162464986,1539,0.3042103182447124,552,0.23300970873786409,17527.477491679805,1,13.319329827454371
2019,42,223,0.3760539629005059,30,0.0453857791225416,176,0.31261101243339257,97,0.3489208633093525,14228,NA,11.446586233285714
2019,43,6387,0.23596128269543373,684,0.02537374336906926,5708,0.24022557973149278,2678,0.253911064757751,15419.288865080538,7,12.462569376397617
2019,44,6045,0.23668754894283478,922,0.03619802913116878,5237,0.23187956608368387,2542,0.24372003835091083,14769.984651527016,9,12.174391664439586
2019,45,6603,0.25157160818379243,1204,0.04596297003244894,4121,0.17870771899392887,2577,0.253566860179081,13193.719891797158,10,12.32845508082162
2019,46,4088,0.2621184919210054,845,0.05412849913522516,2128,0.15825091098386257,1594,0.2565175410363695,11050.654975634778,0,11.699314863704798
2019,47,533,0.2375222816399287,10,0.004502476361999099,191,0.09825102880658436,281,0.29989327641408753,10414.11898395722,NA,11.917233468333334
2019,48,3139,0.2067852437417655,170,0.011244129902771348,2472,0.18518241066746574,1194,0.1978131212723658,14835.217786561265,1,10.476719579734668
2019,49,1356,0.19967604182005597,18,0.0026642984014209592,772,0.12766661154291384,590,0.21026372059871704,13951.036077160948,1,9.486878532588298
2019,50,4566,0.28413192283758554,638,0.039644565960355434,1278,0.09377751687701791,1525,0.2569070080862534,10131.488612321094,2,11.225140740454798
2019,51,3300,0.264783759929391,561,0.04513274336283186,1343,0.12414494361249769,1427,0.28090551181102363,10920.615421648079,3,12.075383913440275
2019,52,6474,0.24413605852628403,1014,0.03832634085497222,2962,0.1273978494623656,2519,0.23559670781893005,12206.432008447093,3,12.018604251100223
2019,53,2022,0.26831210191082805,495,0.06557159888726984,580,0.0902583255524432,839,0.28901136755080953,9629.283837579618,NA,12.107702720481573
2019,54,763,0.26622470341939986,29,0.009996552912788694,195,0.08217446270543616,242,0.2544689800210305,9077.514305652478,NA,7.463522392409788
2019,55,3062,0.28425547716301525,670,0.06219251833286921,693,0.07756883814640698,778,0.21762237762237763,8491.090976606016,NA,9.65006157195342
2019,56,318,0.23060188542422044,52,0.03792851932895697,105,0.09226713532513181,161,0.33402489626556015,9521,NA,8.082044582666667
2019,57,2900,0.28345225295670023,1133,0.11048269137006339,862,0.10171091445427728,882,0.2503548112404201,9406.003518717624,4,10.11453607377038
2019,58,670,0.26243634939287114,55,0.021517996870109544,145,0.06734788666976312,302,0.30505050505050507,9393.923619271445,NA,6.509719317706553
2019,59,3070,0.23631745054268338,630,0.048435457830399015,1478,0.1378474165267674,1054,0.237976969970648,11985.597105688554,1,10.501272183050784
2019,60,13200,0.2308136180034622,842,0.014775818197771344,12917,0.25985756819827793,6463,0.2736008805350944,16143.520921855601,28,12.47487696817601
2019,61,7334,0.25253081743681566,936,0.03227252353204841,6478,0.25177814917019703,3052,0.2589512981503479,15050.12051511604,22,12.645462151536181
2019,62,3635,0.251975599611812,499,0.03473962684489,3363,0.2662918679230343,1575,0.2700617283950617,15102.650908082629,6,12.067316586764914
2019,63,5541,0.25106479383778885,912,0.04150170648464164,5284,0.27035047326682016,2264,0.251276359600444,15424.256864521976,17,12.426713511487883
2019,64,11017,0.28643856273724716,1895,0.04934381835225497,10958,0.3183799174850369,4982,0.3065846153846154,15781.384769382767,266,13.541243796410017
2019,65,7113,0.26584691284197937,1075,0.04008651228698214,6715,0.2848477135827607,3027,0.28250116658889407,15546.10920914935,50,13.24594657998683
2019,66,4676,0.3008621798996268,1152,0.07412173465448463,4916,0.3601992966002345,2060,0.32400125825731363,16250.591815725133,101,15.015566029766921
2019,67,2188,0.23725872912600304,509,0.05518811666485959,4235,0.539147040101846,1002,0.28498293515358364,23564.299392756453,108,17.547806830599498
2019,68,8641,0.2562574139976275,2139,0.06343604495981495,10060,0.35275966056525704,4510,0.33076640997433077,16759.16809015421,389,15.083231195188253
2019,69,3115,0.23189161021365295,762,0.05651980418335559,4529,0.41542836176848286,1828,0.3462121212121212,18993.26226457232,128,17.261527510142248
2019,70,7194,0.2924152507926185,3478,0.14156626506024098,2599,0.12418175737015624,2006,0.24529224749327463,10298.598569222015,32,11.340307426362953
2019,71,5505,0.26415547024952013,814,0.038992144088905924,4673,0.2612073784237004,2354,0.2871432056599171,14911.31689059501,34,14.110283931457726
2019,72,5922,0.22924166763442108,1071,0.041559953434225846,4641,0.20302725403560962,2506,0.23637049613280514,14355.775287423063,15,11.903843326827579
2019,73,6512,0.22886866059817945,1124,0.03950929733909803,3649,0.1450202686590891,2327,0.20881191672648958,13026.187572487963,9,11.475549275692378
2020,01,19007,0.39841113463433037,15479,0.3233616745701811,11328,0.27177850819318156,7240,0.41714680802028115,9324.289915526024,191,14.038781235917654
2020,02,10941,0.5118357035928144,7306,0.3385228431099991,6589,0.3276805251641138,3224,0.4871562405560592,12899.80857035928,193,13.633715413462415
2020,03,6256,0.4264194669756663,1627,0.10923128566633099,4250,0.3061959654178674,3386,0.48288648031945236,12302.94090382387,64,17.283146098294704
2020,04,9629,0.42125295301426197,3542,0.1536459462976619,8828,0.421283703173467,5033,0.4929480901077375,13485.179587015487,159,14.6156783308734
2020,05,10331,0.3124357345914232,3238,0.09826115983370255,11899,0.4036021979512923,3874,0.30098671431901175,17372.005292445414,332,13.900360175981906
2020,06,15898,0.3084594489716725,3393,0.06585791925465838,18397,0.39551532871823536,6971,0.3171663860958187,17014.176484284053,765,14.308564387548019
2020,07,13331,0.30529473732423396,4062,0.09295832665858068,20560,0.5286570157620015,6272,0.33893542285868683,21538.08139055558,1662,14.156206418242176
2020,08,14002,0.32898663095322006,3404,0.07993424914876131,19104,0.49786302512248515,6307,0.34737827715355807,20483.342473156175,709,14.32006576315368
2020,09,17585,0.30480829231089235,3549,0.06150460114725404,23457,0.4500575594781274,7649,0.3092629280718069,19122.34464050475,413,14.42170366836244
2020,10,11870,0.30884916608123225,4007,0.10403468688337314,13501,0.38936955643998383,5317,0.32535797332027905,16903.056618010563,586,13.94538330226278
2020,11,13367,0.3367596301614894,5890,0.14796764306888407,10475,0.2957118256500014,5965,0.3734660656148259,12512.30897135515,515,14.264062240931189
2020,12,357,0.298494983277592,47,0.03913405495420483,83,0.07778819119025304,175,0.3556910569105691,11159,3,6.501293991554146
2020,13,7686,0.24768779607489286,1886,0.060936995153473346,4521,0.16766800178015132,3121,0.2589396830664565,12968.753343430762,6,11.149334735857613
2020,14,3055,0.2988944330300362,647,0.06325772389518967,2967,0.3187238156622623,1325,0.31030444964871196,15815.767243909599,73,13.324871492147988
2020,15,5267,0.33048879964861644,1328,0.0828860317064037,4800,0.33613445378151263,2448,0.36548223350253806,14889.271694798268,177,13.958301474375299
2020,16,5172,0.267979274611399,849,0.04406955618998183,4550,0.26605075429774294,2272,0.2880324543610548,15350.718393782383,44,12.980803680805824
2020,17,7193,0.29187631877941894,1272,0.05172624130779554,6205,0.28180208002179935,3033,0.30116175156389635,14778.389506573609,106,13.831488158233396
2020,18,13468,0.31236663883477134,2945,0.0682708579641607,12925,0.335766612978646,5732,0.33286875725900117,16493.96592912144,245,13.861959482516596
2020,19,11525,0.2509089325757081,1849,0.04029990627928772,18302,0.4509436751589218,4968,0.2593443307579871,21683.311214159756,206,14.858315440082453
2020,20,6041,0.2547762641811817,749,0.03173863299292343,8453,0.4045852677930407,2269,0.233772923964558,19582.24950444941,44,13.966182905817798
2020,21,2498,0.21160525201185937,881,0.07471800525824782,5240,0.526580243191639,735,0.17257572200046958,28834.72630241423,11,15.466036033457893
2020,22,1013,0.21897968006917423,254,0.0547886108714409,1645,0.4318718823838278,406,0.25154894671623296,19835.123865110247,3,12.47392625453489
2020,23,5334,0.21373617566917774,1473,0.059223222901254424,10637,0.5189033611395678,1982,0.22332394366197184,25731.06803974996,27,16.978896536050428
2020,24,3569,0.2167628302459763,679,0.04148845166809239,7319,0.5391528545119705,1025,0.18261179404952788,30242.522684482235,35,16.51571761748483
2020,25,6022,0.23281527874429753,1136,0.04402588846258187,11249,0.5175523349436393,2182,0.229998945926004,26552.224155261734,32,15.313461685960396
2020,26,11447,0.24152846351858884,2279,0.04820118017808422,21633,0.5336079524432057,4739,0.2514725391350491,26575.087648225515,244,15.323225256133167
2020,27,8055,0.26852685268526855,1281,0.042917448405253286,13351,0.5175809265361504,3660,0.29549491361214275,21058.363569690304,143,15.08840764858391
2020,28,4057,0.2515812972838894,710,0.04405286343612335,5868,0.4192926045016077,1919,0.28706058339566193,19160.606101947167,40,14.367477774784508
2020,29,1970,0.26235184445332266,252,0.0336,2132,0.32298136645962733,984,0.3110970597533987,15486.084964709016,20,12.232760379657146
2020,30,3479,0.262308678277916,511,0.03865647931008397,4911,0.42263339070567985,1536,0.28034312830808544,19067.572796501547,37,13.63891362609796
2020,31,16652,0.3327205882352941,3762,0.07508382564266326,21290,0.47598819531389736,9391,0.4104458041958042,17920.534247122763,749,14.912970005469953
2020,32,9922,0.2843061405770939,1730,0.049595780058482884,13337,0.42875972481193336,4642,0.3089928775876989,18823.13908707986,223,14.078602277671463
2020,33,6859,0.26616220411331004,857,0.033343708660804605,7947,0.34383247523038984,3200,0.2938205858047929,16431.34016298021,92,13.755629400078899
2020,34,2554,0.2778200804960296,387,0.04223046704495853,2420,0.29817644159684575,1224,0.3139266478584252,15364.139236375504,20,12.947489139805402
2020,35,9811,0.26404887501345675,1123,0.030371051492860235,10478,0.320761648196902,4719,0.30304392499357824,15932.124609753471,70,13.20204599008055
2020,36,1957,0.20863539445628998,135,0.01440307265549984,2736,0.3369043221278168,938,0.24841101694915255,18765.064179104476,4,12.9032800798
2020,37,8357,0.26021297795491344,1017,0.031810077883081544,4161,0.14822071029102696,3474,0.26826254826254825,11778.063395192428,33,11.978664650022605
2020,38,3110,0.2640067911714771,355,0.03024107675270466,1914,0.1840207672339198,1448,0.2962962962962963,12963.386842105263,9,12.098667580114432
2020,39,1829,0.250136761487965,220,0.03022808463863699,1348,0.20983810709838108,746,0.25408719346049047,13739.996580962801,3,10.616188260010214
2020,40,1249,0.24713098535813216,86,0.016905838411637508,1271,0.27995594713656385,599,0.2829475673122343,15009.655322516819,NA,11.892571572311828
2020,41,1241,0.21481737926259303,57,0.009858180560359737,1600,0.31116297160637885,541,0.22807757166947723,17988.796434135365,1,12.231056731447369
2020,42,236,0.38064516129032255,30,0.04411764705882353,171,0.2943201376936317,96,0.3380281690140845,14567,NA,11.44584580475
2020,43,6792,0.2430227565478746,889,0.03191871319833405,6002,0.24473984668080248,2752,0.25609529127117064,15766.940389294405,6,12.630100619246846
2020,44,6096,0.2368022375014567,924,0.036020583190394515,5460,0.23944217866070253,2589,0.24521689713960979,14803.878102785224,9,12.310294515315293
2020,45,7302,0.2654500508942853,1539,0.05602475427739352,4391,0.18121414716685239,2659,0.25835600466381653,13291.127890068345,10,12.058039752066666
2020,46,4315,0.2689646574830144,975,0.06067961165048544,2282,0.165758698336602,1669,0.26275188916876574,11025.457769743813,0,11.59207748619661
2020,47,525,0.23712737127371275,12,0.005429864253393665,193,0.09948453608247422,281,0.3011789924973205,10384.550135501355,NA,11.917233468333334
2020,48,3138,0.20644736842105263,188,0.012403509929405556,2552,0.19041934039695568,1244,0.19955085017645172,15074.187565789474,1,10.55883307393676
2020,49,1346,0.19896526237989653,34,0.005035545023696682,801,0.13196046128500824,551,0.1964349376114082,14050.725942350333,1,9.658084506773582
2020,50,4656,0.28678780412688637,706,0.043472906403940886,1345,0.09770448932151678,1556,0.2586006315439588,10153.5990144749,2,11.64755506255665
2020,51,3364,0.26534153651995585,651,0.05141367872374032,1420,0.12924365158824064,1452,0.2823803967327888,10970.674238838934,3,11.996103574844655
2020,52,6457,0.2422525699707361,1043,0.03918990005260389,3091,0.13180674598098163,2565,0.23657996679579413,12248.060103549185,3,12.433533647504774
2020,53,2069,0.2725955204216074,482,0.06341270885409815,628,0.09627472022075732,854,0.2903774226453587,9718.308300395256,NA,11.832023495987807
2020,54,771,0.26920391061452514,40,0.013831258644536652,212,0.08926315789473684,264,0.27132579650565264,9137.69972067039,NA,8.756814471615385
2020,55,3115,0.28310460783422703,714,0.0648737052516809,671,0.07398831183151394,791,0.21127136752136752,8433.149504680541,NA,9.24737150968479
2020,56,305,0.21754636233951496,59,0.042112776588151324,110,0.0954861111111111,162,0.3312883435582822,9458,NA,7.898986077166666
2020,57,2966,0.2854667949951877,1142,0.10983937674329133,894,0.10422009792492422,902,0.253015427769986,9391.637728585178,4,10.856505266343747
2020,58,667,0.25963409887115607,68,0.026336173508907823,154,0.07077205882352941,294,0.29547738693467335,9588.555858310627,NA,7.518427432999999
2020,59,3355,0.24798580826372976,826,0.061076604554865424,1607,0.14302242791028835,1112,0.2433792952506019,11875.938650306749,1,11.88428890408334
2020,60,13175,0.22813457775622933,950,0.016496492324789887,13459,0.26783013611398554,6617,0.2758692570666222,16264.953074405637,28,12.50038503614695
2020,61,7328,0.2514066145190065,952,0.032681084792310335,6708,0.26011089999612236,3116,0.26145326397046487,15298.477871552079,22,12.399219424251562
2020,62,3702,0.2538398244651673,517,0.03557421041767013,3547,0.27732603596559813,1686,0.28146911519198664,15019.794295117938,6,12.516271443092004
2020,63,5685,0.2553564209675246,1042,0.04702378266167246,5533,0.28049275068437596,2334,0.25668096337842294,15591.165476350896,16,12.668060270894257
2020,64,11101,0.28721862871927556,2039,0.05278827732615337,11354,0.32813132188890815,5170,0.31380880121396054,16030.41490297542,266,13.573541111275507
2020,65,7147,0.26795890821835633,1137,0.04257629657367534,6930,0.29406772468811,3074,0.2847087153839029,15622.460032993402,50,13.346723093321774
2020,66,4662,0.29575588403222736,1144,0.07264414528829058,5151,0.37129676349744106,2065,0.32025434243176176,16527.18879654888,98,14.332802815040129
2020,67,2297,0.24805615550755938,574,0.06190014019195514,4298,0.5415144261055814,1007,0.2840620592383639,23018.660259179265,108,17.656044704791043
2020,68,8682,0.2555709281445939,2240,0.06595412654948031,10435,0.36221319726474366,4599,0.3336477074869414,16839.826469635867,390,14.91812146950517
2020,69,2961,0.22176452965847812,747,0.055825424108811,4539,0.41814831874712116,1814,0.3354289940828402,19052.371105452366,127,16.664812541432543
2020,70,7686,0.3020395331473258,3877,0.15221829603455045,2809,0.12916724145859199,2158,0.2554148419931353,10322.883326128816,32,11.910099374483545
2020,71,5534,0.2635740140979234,896,0.042486604390914694,4870,0.2693137200685727,2438,0.2921509886159377,15011.309916174509,34,13.975188470866849
2020,72,5935,0.22987837942520722,1144,0.04442373407890649,4801,0.2100266853318168,2530,0.23800564440263405,14331.947323572702,15,11.777951844188987
2020,73,6432,0.22614443428732156,1209,0.04253298153034301,3812,0.1512038395938281,2519,0.2193486590038314,13086.558047957245,9,11.545577306243896
2021,01,19192,0.39839744255080645,15568,0.32179251328055564,11459,0.27195917882995135,7072,0.40838482416122884,10052.145018994042,189,12.910850546960988
2021,02,11672,0.5180648024855747,7949,0.3499603768600863,6710,0.31621112158341186,3164,0.4810703968374639,13702.08490901021,193,12.592373902608841
2021,03,6284,0.4291177273968861,1701,0.11395457895089435,4416,0.3170363988800345,3257,0.46843089313965197,13242.87960939634,64,15.997813482563371
2021,04,9645,0.4265245655154115,3537,0.15500241027214165,8887,0.42697223022965314,4957,0.491619557671328,14229.87303763322,159,13.592294852635478
2021,05,10459,0.3170162463627546,3288,0.09979967219085777,12064,0.40719613865730586,3853,0.30092158700406124,18141.439652036857,330,13.048152752838208
2021,06,16139,0.31407998443125423,3544,0.06893064145952464,18749,0.40323031593436137,6892,0.31493328459148234,17649.180636372483,755,13.58089760798875
2021,07,13661,0.31488567213719343,4278,0.09840817077659184,20973,0.5393041734166474,6241,0.3384306707879182,21941.895606675273,1650,13.146806325245857
2021,08,14127,0.33305042789447625,3530,0.08296707170893365,19314,0.5023669562503251,6272,0.3470370165440159,21076.103048306104,688,13.650116837702223
2021,09,17390,0.30584966055788104,3566,0.06265483615918475,23512,0.45616281551326077,7644,0.3115549215406562,19842.21984593197,404,13.438599368813312
2021,10,11825,0.30971712938711365,3966,0.10369711865293102,13740,0.39819161884889587,5278,0.3257019438444924,17705.707883708747,576,12.9584861152187
2021,11,13412,0.33806367050638975,5931,0.14890785839819232,10780,0.3034397342791195,5928,0.3723384209534577,13286.801829959923,498,13.620301505811062
2021,12,397,0.30030257186081694,46,0.034482758620689655,128,0.10949529512403763,195,0.3584558823529412,11802,3,5.901596189285714
2021,13,7637,0.24815597075548335,1866,0.06081939962843454,4586,0.17076894433066467,3053,0.25443786982248523,13694.633078797726,6,10.70903183505043
2021,14,3010,0.29890764647467727,661,0.06543258760641457,2979,0.3237691555265732,1303,0.30745634733364796,16254.706653426018,73,12.75049205163399
2021,15,5245,0.3308104698833176,1372,0.08614843651889992,4865,0.34176325957147874,2428,0.36292974588938715,15580.97193314412,175,13.13778419660368
2021,16,5084,0.2649434571890145,868,0.04539511531823649,4696,0.2758134617643604,2236,0.2846956964604023,16010.985825212361,39,12.336563295743359
2021,17,7097,0.2884138659730971,1320,0.053732801432874705,6330,0.2878712083314384,3052,0.3028078182359361,15554.138415897914,103,13.166578088151732
2021,18,13383,0.31114572677392355,3032,0.07057399562403985,13131,0.3416950740326316,5708,0.3335281056445016,17149.22607644378,244,13.116008987680274
2021,19,11145,0.24679465887198565,1821,0.04036977919659484,18119,0.453110933279984,4831,0.2547995780590717,22156.96665116588,202,14.061172301470746
2021,20,5913,0.25091233132478996,778,0.033188294514119955,8549,0.41174204113085777,2242,0.23163549953507595,20136.247602478146,44,12.98170304424569
2021,21,2483,0.21224036242413882,881,0.075557461406518,5269,0.5340022296544036,749,0.1768595041322314,28476.99529874348,11,15.060165415490738
2021,22,1029,0.21973094170403587,274,0.05832269050659855,1704,0.44076564924987066,395,0.24248004910988336,21245.828101644245,3,15.331200321072727
2021,23,5263,0.21491281799991832,1471,0.06026712553261226,10575,0.523540769345017,1960,0.22410244683283786,26419.287067663034,26,15.90375279016188
2021,24,3522,0.2179995048279277,705,0.04374534623976173,7339,0.5476456980822326,1030,0.1854185418541854,30280.280081703393,34,15.735479969511935
2021,25,5995,0.2342986672919842,1137,0.044591732684916466,11293,0.5225821378991208,2145,0.22720050842071815,26503.896040958298,32,15.129906111319563
2021,26,11453,0.24486872487813222,2282,0.048932155416416503,21659,0.5386069181607938,4712,0.2527219093590775,27128.27587017874,242,14.52886385373683
2021,27,7878,0.26601384433564074,1305,0.044234289200732156,13283,0.5194556333346368,3621,0.2947976878612717,22795.307074117845,154,14.269989612958556
2021,28,4127,0.2562558211735486,697,0.043372744243932795,5941,0.42369134217657967,1923,0.28843557822108895,19920.0994722136,40,13.726958979428565
2021,29,1968,0.2593910636615263,264,0.03482390185991294,2192,0.33017020635637895,997,0.3146102871568318,16052.203374192699,20,12.71271074027103
2021,30,3450,0.26049531863485353,490,0.037140908057303114,5015,0.4305090565713795,1523,0.27929580047680175,19737.604349139234,36,12.575219813195378
2021,31,16472,0.332801293059905,3903,0.07861027190332326,21415,0.4828744729306185,9275,0.4101804351671679,18553.876472370946,734,14.125647541263426
2021,32,9820,0.28255740346434943,1783,0.051352207597707436,13494,0.4343375820780224,4484,0.30174966352624494,19486.43646774472,221,13.72783214081223
2021,33,6803,0.26775031486146095,929,0.036636826122964074,8019,0.351756810106593,3113,0.28923162686983184,17098.461350755668,76,12.638888561865397
2021,34,2525,0.27568511846271426,388,0.04243683692442306,2475,0.30457789810484864,1250,0.3206772703950744,15932.24566000655,20,12.534150169312971
2021,35,9707,0.2632264012799306,1144,0.03116826503923278,10576,0.3250952907906062,4635,0.29943794818786745,16541.67090598476,70,12.604356483990289
2021,36,1953,0.2088546679499519,146,0.015668598411676324,2816,0.3463714637146372,911,0.2417086760413903,19624.867286921184,4,12.143906963119404
2021,37,8431,0.26059407164714243,1130,0.03506703078450844,4307,0.1522392280230462,3421,0.26406792744114244,12363.552529904491,31,11.766751192358427
2021,38,3161,0.26534038445395786,376,0.03173531397704254,2010,0.19090132016335834,1458,0.29724770642201837,13533.176781667087,7,12.154654300055764
2021,39,1852,0.25290181619554825,236,0.03246663915256569,1383,0.215622076707203,740,0.25377229080932784,14179.082343301925,3,10.311599696463233
2021,40,1237,0.24749899959983993,110,0.021938571998404467,1288,0.28737170905845605,591,0.28291048348492104,15633.942977190876,NA,11.194897334587102
2021,41,1283,0.22048461935040384,61,0.010473901098901098,1653,0.31905037637521716,537,0.22563025210084034,17982.838632067367,1,12.66257799529203
2021,42,198,0.3251231527093596,39,0.05829596412556054,168,0.29116117850953205,106,0.375886524822695,15605,NA,12.100818120333335
2021,43,6800,0.2460558691561731,913,0.03315900341396092,6084,0.24938514510575505,2751,0.2575119348497613,16216.650709219859,6,11.948935130628147
2021,44,6011,0.2354484919702311,900,0.03540658562492623,5536,0.24407018781412573,2565,0.24377494772856872,15428.129338033687,9,11.563122460892302
2021,45,7361,0.267906536613772,1551,0.056564551422319476,4471,0.18434832804189172,2700,0.2647058823529412,13638.050516814674,10,11.475824501599245
2021,46,4305,0.2687601448370583,1029,0.06414012341831328,2314,0.1683276351203899,1675,0.2663804071246819,11478.398177050818,0,11.269734699397894
2021,47,503,0.23384472338447235,7,0.0032422417786012042,190,0.09978991596638656,288,0.310010764262648,11005.521617852162,NA,11.917233468333334
2021,48,3099,0.20596836368470026,244,0.016253663735678124,2578,0.19383458646616541,1231,0.1998701087838935,15590.52970889273,1,9.714225617055758
2021,49,1322,0.19737234995521052,40,0.005978179644298311,820,0.13625789298770355,544,0.19407777381377095,14633.979247536578,1,9.3627666765
2021,50,4610,0.28138924494903256,758,0.04625335611422993,1414,0.10177787374937018,1553,0.25711920529801324,10611.25862174205,2,11.337256937234809
2021,51,3360,0.26373626373626374,666,0.05233380480905234,1435,0.12993480622962694,1430,0.2777777777777778,11484.068602825746,3,12.290719020188597
2021,52,6378,0.24038896426956127,1091,0.04125231595266004,3151,0.13490602389005438,2552,0.23737326760301367,12819.989446705864,3,11.837312990731522
2021,53,2036,0.270026525198939,491,0.06485272751287809,643,0.09887744118099338,862,0.29349676540687775,10280.821485411141,NA,11.62498405513846
2021,54,765,0.26720223541739435,42,0.014537902388369679,225,0.09418166596902469,274,0.2773279352226721,9900.018512050297,NA,8.840572521928573
2021,55,3100,0.28026399059759516,738,0.06678733031674208,707,0.07751343054489639,770,0.20648967551622419,8911.66060934816,NA,8.926438458921739
2021,56,305,0.22459499263622976,57,0.04139433551198257,110,0.0970873786407767,162,0.3326488706365503,10132,NA,5.9576249088571425
2021,57,2956,0.28360356903002976,1144,0.10977833221379905,916,0.10606762389995368,881,0.24802927927927929,9946.264127410534,4,10.306701923563294
2021,58,673,0.2599459250675937,94,0.03601532567049808,162,0.07340280924331671,300,0.3,10136.758594051758,NA,8.006762378666666
2021,59,3433,0.25240791118300127,863,0.06344188781886348,1646,0.1445508035479055,1088,0.2395948029068487,12577.467833247556,1,10.825398477248445
2021,60,12976,0.2261336307552891,960,0.01676738743144584,13651,0.2726873214678093,6515,0.272651182255702,16950.34411487923,27,11.889053776784783
2021,61,7286,0.25009439467270794,939,0.03229245477680721,6847,0.2660372226755255,3059,0.25662751677852347,15721.158445748808,22,11.981837647193505
2021,62,3664,0.2544974647496006,511,0.03560479375696767,3574,0.2822395956724315,1673,0.28274463410512085,15870.674584982982,6,11.68448480303846
2021,63,5669,0.2566551973922492,1035,0.04703904013089124,5649,0.2886561062851303,2311,0.255641592920354,16268.368616443318,16,11.884037627933083
2021,64,11061,0.288716034559265,2138,0.055713355048859936,11553,0.33557963226537313,5143,0.31415307556044225,16610.955652423585,266,12.995535171707013
2021,65,7052,0.2677906888433204,1065,0.04038067794039584,7096,0.3027303754266212,3056,0.28438488739996276,16624.91129338498,48,12.882361298247165
2021,66,4621,0.2937138498697006,1091,0.06942853506427389,5313,0.38399826539462273,2065,0.3194122196442382,17170.01411046844,98,14.272644336265882
2021,67,2441,0.2634362184329808,592,0.06375188455739823,4391,0.5467563192628564,994,0.2811085972850679,23853.115691776387,107,16.762442255041197
2021,68,8731,0.2574908576147222,2327,0.0685540890879095,10898,0.3763381448995096,4615,0.3349785875009073,17668.624808304823,388,14.330951855513788
2021,69,2973,0.22257992064086246,807,0.060223880597014924,4645,0.42369789291252397,1799,0.33314814814814814,19233.725087968854,126,15.664649052924586
2021,70,7860,0.304285548372111,4041,0.15622221363126765,2897,0.1303839056663216,2185,0.2584881107299184,10925.675622314273,32,11.344425751119287
2021,71,5454,0.2612569457750527,921,0.044029065876278806,4951,0.27418729578556794,2442,0.29291111910759265,15631.410279747079,32,13.472106813322725
2021,72,6044,0.23340413207182853,1235,0.04790349482176797,4914,0.214173640167364,2543,0.23970213969271373,14919.04209306816,14,11.493683450842315
2021,73,6389,0.22519474110887877,1229,0.043357087419741765,3897,0.15468582542769818,2535,0.22108843537414966,13628.768002537803,9,11.0731280544947
2022,01,17721,0.3856751109950379,14356,0.3107830190721538,11020,0.27432042218460617,7291,0.42409260120986503,10878.593888743797,199,15.21887184079788
2022,02,11369,0.5072955245192093,7568,0.3347043474415108,6652,0.3151859748874674,3267,0.49718459899558665,12864.444603096694,194,15.64870069036388
2022,03,5789,0.4179179901819232,1547,0.10949886749716874,4181,0.3163350230763411,3495,0.5037474776592678,14127.438203869477,64,18.771756560847113
2022,04,9322,0.42336164221808437,3469,0.15609953651622194,8970,0.442941089328922,5271,0.51474609375,15391.391071347472,159,16.047234932928344
2022,05,10497,0.3184962679774258,3139,0.09523376111161676,12441,0.41960943033491854,3909,0.3035173538318192,19288.363007464046,328,14.377274696354526
2022,06,15856,0.3132730074682894,3245,0.06407218733957272,18938,0.4122154020286448,7196,0.32788080375449946,18582.018374362826,750,15.312070177885218
2022,07,14039,0.3232930339666091,4403,0.10107897153351698,21570,0.5520577395577395,6516,0.34919614147909966,23772.31896373057,1631,14.995865030823913
2022,08,13906,0.3331017797686061,3471,0.08295096071121308,19555,0.5148762506582412,6635,0.3639405408370358,22539.5293793566,670,15.203971349796094
2022,09,17067,0.3031707966959766,3424,0.06079005770084332,23718,0.46486740753807254,7876,0.31955207530328233,20735.69958255618,520,14.946847269428693
2022,10,11621,0.30849482346694984,3877,0.10273464412528485,13861,0.4068985762512843,5486,0.33766233766233766,18727.484788956728,554,14.404203694871676
2022,11,12739,0.3303082946560531,5373,0.1386115625725563,10731,0.310126582278481,6211,0.3893311602833323,14267.450696191045,487,15.232628351234204
2022,12,421,0.2823608316566063,46,0.03085177733065057,165,0.1288056206088993,235,0.38461538461538464,12529,3,7.194147868333334
2022,13,7395,0.24577904812549853,1730,0.057526685066338575,4629,0.17530106793910474,3128,0.2614073207421026,14309.491358681202,6,10.60176877074698
2022,14,2979,0.2918013517484572,648,0.06336788578134168,2995,0.32032085561497325,1315,0.3104343720491029,17305.186208247625,73,14.064691036445314
2022,15,5093,0.3264952881594974,1346,0.08583088891722994,4867,0.3456676136363636,2477,0.36931564037572684,16484.54311173793,174,14.243633729291451
2022,16,4983,0.2631912533671367,790,0.041892035210520734,4772,0.28350760456273766,2304,0.29216332741567336,16824.857603126817,30,13.4159069509514
2022,17,6633,0.27763592984805996,1279,0.053626834381551365,6243,0.29113038612199216,3060,0.3043867502238138,16115.267590305973,97,14.438381809901754
2022,18,12959,0.3057449569423145,2829,0.06677997308972453,13186,0.34814521452145214,5824,0.3408239700374532,17986.148118438126,243,14.182320150341019
2022,19,10778,0.24030679360549376,1664,0.037165255846157284,18195,0.45838161938832067,4909,0.2590364624558071,23345.325433100712,201,15.444083943668868
2022,20,5658,0.24149558239788296,787,0.033814557016413165,8485,0.4114338360083402,2254,0.23338165251604887,20884.352981347904,44,14.782832774062172
2022,21,2464,0.21223083548664945,792,0.06835246396824027,5308,0.5419091373149566,731,0.1740061890026184,31095.759948320414,11,15.252065937434576
2022,22,1015,0.21458773784355178,275,0.057943531394858826,1744,0.4453524004085802,427,0.2575392038600724,23404.964482029598,3,13.558424957338238
2022,23,5200,0.2136313216383879,1402,0.057719226018937836,10698,0.5291324562271243,1984,0.22524977293369663,28668.764923380306,26,18.194538918375425
2022,24,3420,0.21518907695211728,615,0.03877435218460375,7398,0.5582132347393043,1049,0.18917944093778177,33419.28880639275,33,17.901516562914193
2022,25,5904,0.23330435469849048,1063,0.04209067511383884,11336,0.527992547741034,2149,0.2276000847278119,28932.071129376433,36,15.828859088918902
2022,26,11556,0.24795622787254587,2275,0.04899005125113054,22046,0.5476722810155512,4803,0.2577546420521627,29257.921102885957,239,15.7272616583035
2022,27,7845,0.2668276589231659,1275,0.04345455165127296,13475,0.5307625649913345,3735,0.30262518230432667,23839.674058705485,154,15.818496613557315
2022,28,3988,0.251291745431632,685,0.04328047008276995,6009,0.4335497835497836,1967,0.29415283385673696,21243.48254568368,39,14.729010174581624
2022,29,1955,0.2604236046356734,254,0.03382607537621521,2235,0.33894449499545043,1034,0.32474874371859297,16941.10057279872,20,12.945743476450296
2022,30,3307,0.25171258943522606,522,0.03983212514307516,5084,0.44131944444444443,1542,0.2823141706334676,20625.86664636931,36,13.509355581138651
2022,31,16307,0.3339203440155626,3800,0.07750515001325746,21611,0.4915500966678039,9487,0.41866725507502206,19581.296815808335,725,15.958939554337244
2022,32,9690,0.28180892831176385,1786,0.05190049982564222,13611,0.4408135505392363,4629,0.31106780458302535,20469.778798894866,220,15.137174477518169
2022,33,6742,0.26813553929366846,890,0.03542852593447713,8072,0.3566788917856038,3120,0.29031357588164136,17933.683025771556,73,14.041970149916152
2022,34,2466,0.2705133830627468,360,0.03949967083607637,2506,0.3109566943789552,1308,0.33290913718503434,16453.466981132075,20,13.676425019674308
2022,35,9579,0.262546251884336,1095,0.030080764793143235,10777,0.3333848914186723,4739,0.3057222114702277,17257.21049746471,70,13.435661722742026
2022,36,1980,0.2110649184521906,162,0.01736520527387716,2893,0.35423043957389494,962,0.2515032679738562,20788.73574245816,4,13.513391518310682
2022,37,8040,0.25326823121751457,983,0.03110857938542359,4370,0.15670945994405794,3534,0.27293790546802593,12843.293495038588,32,12.680476822264373
2022,38,3094,0.262827047230717,350,0.029927319367250963,2076,0.199788278317775,1449,0.29704797047970477,14047.386255521576,6,13.192192986411019
2022,39,1777,0.2468741317032509,172,0.024143739472206625,1365,0.21697663328564615,756,0.2605099931082012,14622.497916087803,3,10.763360534121793
2022,40,1159,0.23614506927465362,130,0.026471187130930565,1282,0.2901765504753282,641,0.30758157389635316,16318.864710676447,NA,11.890828132690322
2022,41,1219,0.2113384188626907,54,0.0093766278867859,1644,0.318666408218647,545,0.23063901819720695,19070.779819694868,1,13.690886716447055
2022,42,174,0.29948364888123924,29,0.04510108864696734,165,0.3021978021978022,113,0.40213523131672596,16063,NA,13.338228212463996
2022,43,6552,0.23882773201137275,829,0.030280892720166562,6086,0.2510311829731067,2757,0.25785634118967454,16889.249835969964,6,12.448117602323682
2022,44,5981,0.23664635593890956,845,0.03350781188040289,5683,0.2517386489479513,2642,0.25056904400606983,15946.857600696369,9,12.75162139408676
2022,45,6997,0.2583539489716796,1489,0.05512160811461148,4464,0.18657527376076236,2786,0.27343213269211897,14411.72115349112,10,12.283785243106
2022,46,4260,0.26853252647503784,970,0.06111006111006111,2329,0.1708480046948357,1755,0.2778657378087397,12065.102370146244,0,11.909097129309517
2022,47,485,0.22898961284230407,5,0.002346316283435007,200,0.10638297872340426,316,0.33724653148345785,11687.839943342777,NA,11.917233468333334
2022,48,2968,0.20006740815638693,199,0.013445037497466387,2620,0.1998322019678133,1250,0.2029550251664231,16190.40748230536,1,10.832557457871795
2022,49,1297,0.19404548174745662,43,0.00644484412470024,831,0.1383155792276964,546,0.19430604982206406,15346.355625374028,1,9.722286454599999
2022,50,4349,0.27263039117352056,733,0.04582968613229961,1442,0.10627164861080404,1613,0.26634742404227213,10947.519872116349,2,12.249174816084007
2022,51,3153,0.2538442959504066,581,0.046820855830445644,1451,0.13399205836180625,1493,0.29046692607003893,11912.240962885437,3,11.985542470225198
2022,52,6067,0.23354376780352606,1032,0.03982864420516383,3149,0.13713962198414772,2580,0.24073901278342819,13292.80910770652,3,12.575343443577008
2022,53,1937,0.2649432362193954,512,0.06956521739130435,596,0.09363707776904949,878,0.3005819924683328,10813.13910545753,NA,12.841313210162602
2022,54,756,0.2655426765015806,56,0.019505398815743643,230,0.09631490787269682,280,0.28426395939086296,10082.342465753425,NA,10.386546869888889
2022,55,2973,0.27774663677130046,646,0.06030619865571322,674,0.07647793033019404,775,0.20951608542849418,9263.920403587445,NA,9.703440498115382
2022,56,303,0.21767241379310345,42,0.030303030303030304,116,0.09982788296041308,157,0.32040816326530613,10461,NA,8.041269607555556
2022,57,2904,0.2825452422650321,1075,0.10463305431185517,907,0.10638048322777387,931,0.2614434147711317,10340.615683985212,4,10.968273048409717
2022,58,637,0.2514804579549941,82,0.03216947822675559,169,0.07762976573265962,307,0.3057768924302789,10761.613106987761,NA,6.120076037833333
2022,59,3368,0.2509687034277198,792,0.059073618259118374,1659,0.146736246240934,1106,0.24545051043053706,12939.682935916542,1,11.535129601240506
2022,60,12519,0.22054471143682616,956,0.016869298230135343,13753,0.27761404925312877,6556,0.2739542852367222,17619.028239729407,27,12.650506722975292
2022,61,7178,0.24796186265026945,956,0.0329996548153262,6984,0.2720897615708275,3075,0.25672065453331105,16352.554615172032,22,12.892733888676515
2022,62,3558,0.2506869583597548,480,0.03401601587414074,3643,0.2925634436235143,1738,0.2920517560073937,16408.47861621926,6,12.45548468352526
2022,63,5498,0.25283973327201653,944,0.04369561192371783,5712,0.2962501944919869,2378,0.262211930753115,16965.13580133364,16,12.649498782912758
2022,64,10773,0.28583936957733025,2010,0.053358109901778604,11654,0.34415143371821755,5286,0.32249405161369044,17678.2908806283,267,14.143477365962093
2022,65,6944,0.2676740420939018,934,0.03597704248680714,7250,0.31271566597653555,3108,0.28865979381443296,17382.390293732173,46,13.625715053753668
2022,66,4542,0.28781446042709585,1124,0.07137867530323236,5444,0.3926150295687293,2166,0.3293795620437956,18312.818072365502,98,15.89686286828496
2022,67,2452,0.26516708121552934,619,0.06683221766357159,4483,0.5554454218808078,1003,0.2802458787370774,25947.08110738618,105,19.105777159678055
2022,68,8686,0.2587429252308609,2224,0.06620821053258313,11204,0.38773532668881505,4757,0.34381324082104653,18881.90420017873,386,16.508805449129053
2022,69,2951,0.22364532019704433,756,0.057039384336803986,4687,0.42682815772698296,1853,0.34283071230342277,20617.16635089049,125,17.24356112445832
2022,70,7826,0.2999616711383672,4127,0.1581104896176538,3020,0.13479134121847802,2266,0.2663688726930763,11438.261786124953,32,12.125857090019238
2022,71,5350,0.25740954580446496,850,0.040783034257748776,5158,0.28633285222604643,2473,0.29496660305343514,16398.094110854505,31,14.539181830128262
2022,72,5914,0.23184883173906226,1210,0.04753113092666064,5019,0.22124752038792153,2597,0.24585818422796554,15533.213619256703,14,12.126000378791012
2022,73,6414,0.226667137859137,1259,0.044498639239387835,4084,0.1619992066640222,2616,0.22678803641092327,14170.53560448104,9,11.420925863108184
2023,01,17403,0.3861583864024674,13386,0.29532718527997176,11069,0.281010408733181,7417,0.4330336291452592,10895.087824794195,212,15.890005586104447
2023,02,12307,0.5102827763496144,8141,0.3348965403759924,6814,0.3014244006016102,3393,0.5158102766798419,12741.89746247616,201,16.436274260181822
2023,03,5819,0.42298466235371085,1501,0.10686316389007547,4359,0.3309292438505922,3556,0.5118019573978123,14132.102129824816,64,18.984795002896565
2023,04,9255,0.4279175143332717,3441,0.15758380655797766,8959,0.4482413568819733,5299,0.5198155777908574,15380.133022008507,171,17.408158834037675
2023,05,11172,0.32913033231204336,3298,0.09716002828187603,13010,0.42533019484765267,4038,0.31155003471954323,19258.06973250059,333,16.0825912458646
2023,06,16400,0.3222447094885348,3162,0.06205475419487783,19701,0.4246911983444351,7374,0.3340127734746569,18577.17328512762,750,16.703789595439545
2023,07,14226,0.3276974108541417,4444,0.1020928576351398,21968,0.5617552293765663,6674,0.3567457772076117,23763.19020086612,1655,16.590097632742435
2023,08,14450,0.3430837171755544,3511,0.08316357951584633,20258,0.5260725044146671,6867,0.37316596022171505,22530.550833372905,678,16.752925921704215
2023,09,17452,0.30856819548074543,3276,0.05781244485229238,24419,0.47560524316849423,8088,0.32566941815985506,20733.107464903285,484,16.679598062028326
2023,10,11906,0.3151736552308344,3782,0.09989962491415288,14397,0.421272860277981,5616,0.3440754809459625,18717.045134476917,567,15.874314475169015
2023,11,12672,0.33200586879060995,5218,0.13594205919132973,10978,0.3189146791389478,6365,0.3977627796525434,14265.224979040033,513,16.00167407559502
2023,12,491,0.29667673716012083,62,0.037484885126964934,252,0.17923186344238975,269,0.3944281524926686,12529,3,13.39285714
2023,13,7497,0.24904494568647642,1677,0.055745770036233086,4818,0.1819623838658509,3215,0.26764901764901766,14319.487127528817,6,12.583829837422822
2023,14,3103,0.2999226754301179,675,0.06527415143603134,3198,0.3361715547146011,1357,0.316464552238806,17340.97660931761,131,15.815532593843484
2023,15,5028,0.320030551842658,1325,0.08385014555119605,5003,0.3531446318910143,2538,0.3756104780227912,16488.280185857042,177,15.808003304916664
2023,16,5201,0.2676375237997221,890,0.04585265327150953,5171,0.29955972656702584,2380,0.2942994930134784,16833.88658467555,30,21.060815474774426
2023,17,6794,0.2828240779285655,1246,0.05185832604986057,6518,0.30118756064876856,3176,0.3126599724355188,16114.99612854883,97,15.67708538546071
2023,18,13783,0.31460853686372975,2898,0.06609798376060579,13897,0.35401859635715194,6015,0.349100406268137,17954.57900022826,238,15.75531481870023
2023,19,11128,0.2465601666186604,1875,0.04159918354669093,18675,0.46614082819559194,4957,0.2593115714584641,23342.221323643455,211,17.08392695324008
2023,20,5903,0.24836958808431858,863,0.03649357239512855,8888,0.4226142361276211,2373,0.24167430491903452,20867.885008625406,48,15.758341039360857
2023,21,2591,0.21566505743299483,878,0.0734113712374582,5525,0.5475718533201189,740,0.17305893358278765,31116.04836024638,11,17.483309346429373
2023,22,1002,0.21090296779625342,265,0.055590518145584224,1762,0.44461266717133485,424,0.2549609140108238,23392.60113660282,3,14.11538001837255
2023,23,5363,0.21836319218241043,1362,0.05568274734260016,10987,0.5377086086233054,2107,0.23520875195356106,28628.84963355049,27,19.517264715391487
2023,24,3529,0.2195470946870723,663,0.04139868872931626,7552,0.5620302150777703,1059,0.1887364106219925,33388.65242005724,34,19.42401343560558
2023,25,6264,0.24295078152270877,1154,0.04491495738138793,11710,0.5348497305197771,2238,0.2335385578628822,28875.11643330877,68,17.818062111560952
2023,26,12114,0.25719745222929935,2473,0.05269887271719905,22692,0.5580365925634467,4927,0.261213020888559,29238.73481953291,291,18.424004555209144
2023,27,8113,0.2741341442811286,1371,0.04642578984795639,13919,0.5415953307392997,3848,0.30813581037796284,23865.594188207466,198,17.293027048411396
2023,28,4177,0.25932824237908986,668,0.041529375194280384,6283,0.4444051492431744,2058,0.30291433617898145,21227.495498851433,39,16.776072776142097
2023,29,2048,0.26830865976680207,267,0.03509463722397476,2328,0.3470483005366726,1075,0.3317901234567901,16938.294903707585,20,14.424809384916667
2023,30,3448,0.25942367015273493,495,0.037446100310159616,5293,0.45452984113353373,1632,0.2943722943722944,20603.4320216688,37,15.337154651781136
2023,31,16655,0.33979394063041923,3787,0.07688247355705788,22177,0.5010845496859325,9851,0.43013710592961313,19583.84439457309,762,17.481129552324607
2023,32,10019,0.2890485257630835,1783,0.05133594379822642,13962,0.44702718278743636,4759,0.31762664352933323,20455.50926086204,223,16.690309487229573
2023,33,6905,0.27330298832376804,848,0.033569534064367995,8356,0.36690963379292174,3214,0.2962758112094395,17927.062616267565,81,15.476747244525606
2023,34,2518,0.2717461687891215,342,0.03692108388211163,2596,0.3168171833048572,1322,0.3331653225806452,16455.213468594862,20,14.966994426716985
2023,35,10054,0.27107036937179835,1098,0.02969092236553906,11312,0.3442273750836833,4928,0.3136655846222392,17252.228012941494,74,14.945920271213156
2023,36,2033,0.2125013065746838,153,0.01606805293005671,3016,0.3604206500956023,973,0.25142118863049095,20793.8041183234,4,15.498880723377356
2023,37,8254,0.2573584435021202,991,0.030989086588073422,4735,0.16761061946902656,3623,0.27739070515274483,12839.658830132203,32,13.50197740334816
2023,38,3201,0.26775407779171895,336,0.02830665543386689,2225,0.21024284229424547,1494,0.30133118192819686,14046.283228774571,5,14.620394126194563
2023,39,1874,0.2558711086837794,187,0.025803780874844764,1446,0.2255146600124766,773,0.2643638850889193,14626.01966138722,3,12.015996011203697
2023,40,1308,0.25727773406766324,168,0.03290891283055827,1401,0.3073716542343133,671,0.31502347417840376,16327.209677419354,NA,13.7668638356
2023,41,1221,0.21164846593863754,86,0.014907262957184954,1714,0.33012326656394453,567,0.23793537557700378,19080.948864621252,1,14.951204468983333
2023,42,159,0.25811688311688313,29,0.043219076005961254,169,0.30286738351254483,99,0.3535714285714286,16063,NA,15.458494562375
2023,43,7379,0.25505513117417306,1020,0.035248989183398416,6626,0.25879779713314843,2914,0.26862094395280234,16929.890947426637,6,13.922914990235917
2023,44,6194,0.24274013402829486,882,0.03458552270410164,5855,0.25685457337135337,2718,0.25576362096546534,15938.621272093114,17,13.69209100013521
2023,45,7769,0.27116928446771377,1598,0.055968058279630147,4863,0.19232746687759542,2898,0.28105906313645623,14418.294904013961,12,13.5127161586168
2023,46,4407,0.2736077481840194,905,0.05607534543652023,2432,0.17541834968263129,1791,0.28138256087981145,12055.974917737629,1,12.563678179235952
2023,47,479,0.22626358053849788,0,0,197,0.1054039593365436,317,0.3358050847457627,11683.068020784129,NA,11.917233468333334
2023,48,3132,0.2085080886758538,243,0.01617950595911845,2765,0.20738018450461262,1298,0.20915243312922976,16162.161973237467,1,12.186915336353838
2023,49,1320,0.19858582819316986,64,0.009583707696915245,866,0.143306304815489,570,0.20198440822111977,15344.08665563412,1,10.760658784441864
2023,50,4581,0.2804407713498623,744,0.045512938153789685,1613,0.11580156508004882,1613,0.2639070680628272,10937.056382001836,2,13.609008895186872
2023,51,3301,0.261196391834151,574,0.04543655505422307,1525,0.1386994088221919,1546,0.29770845368765647,11907.31199556892,3,14.526030192268301
2023,52,6364,0.2421244863795465,1025,0.03911019536019536,3400,0.1457538474728855,2699,0.24965313107020626,13294.820727438746,3,13.945464423113451
2023,53,2058,0.273961661341853,510,0.06746031746031746,676,0.10344299923488906,888,0.300507614213198,10812.783546325878,NA,13.515186161159573
2023,54,743,0.25825512686826557,67,0.023159350155547875,251,0.10432252701579385,285,0.2844311377245509,10083.303441084463,NA,7.708899349199998
2023,55,2926,0.27226202661207777,637,0.05917324663260567,700,0.07880220646178093,757,0.2045945945945946,9266.768772680749,NA,10.389798954991074
2023,56,315,0.22467902995720399,55,0.039313795568263046,114,0.09661016949152543,156,0.3157894736842105,10461,NA,8.041269607555556
2023,57,2847,0.2789535567313345,930,0.09117647058823529,954,0.11263282172373082,934,0.26332111643642514,10346.212718009014,5,12.526387540357147
2023,58,626,0.2487087802940008,105,0.041273584905660375,172,0.0799628079962808,296,0.29868819374369326,10760.23957091776,NA,9.234508433299998
2023,59,3889,0.27220550150486456,888,0.0621152770005596,1855,0.1526623323183277,1103,0.24445921985815602,12841.900328970392,1,10.901467438128492
2023,60,12590,0.22073003962270768,947,0.016628621597892888,14285,0.28612346272483274,6658,0.27632288856609255,17607.677846348048,33,13.960037435321947
2023,61,7411,0.25160414191139024,1093,0.03715791262961074,7424,0.2840743858575036,3154,0.26055349029326724,16345.434289594295,22,14.54383481657863
2023,62,3686,0.25445257489990336,516,0.03579852920771472,3860,0.3036739831641885,1806,0.29970129439097243,16404.932003313545,6,14.018520946184692
2023,63,5582,0.2553055250640322,990,0.04553817847286108,5941,0.30587447871080675,2401,0.2628064798598949,16969.735089645077,22,14.454758450560355
2023,64,11027,0.2917504497830458,2034,0.05375548390506898,12122,0.3556611800604407,5468,0.3309126119583636,17672.68552227749,292,15.763083502801992
2023,65,7056,0.27108225440854433,991,0.0379868138607789,7612,0.32568885846311824,3239,0.2979760809567617,17394.883476122784,49,15.40462450527839
2023,66,4676,0.28867761452031115,1211,0.07479463899697363,5806,0.40858550316678394,2257,0.3338757396449704,18246.641745894554,100,17.253219078700692
2023,67,2424,0.26327794069729554,604,0.06559513466550826,4564,0.5663936460660214,988,0.27574658107730954,25909.24318453351,105,20.38012328039374
2023,68,8859,0.2633863535008176,2241,0.06650641025641026,11659,0.4000068617696504,4903,0.350665140895437,18872.689609038203,422,17.775289594271463
2023,69,2980,0.2245328511151296,768,0.05769664187514086,4855,0.43593427314357547,1855,0.34307379323099685,20642.438893911996,125,18.81057428732489
2023,70,8552,0.3092164732255848,4465,0.16149450231481483,3475,0.14642676554862633,2296,0.2679738562091503,11435.371117619408,32,12.494455585090034
2023,71,5492,0.2617107457707887,844,0.040108349569928245,5431,0.29754013038952504,2529,0.298936170212766,16409.434357874674,33,16.34846365379195
2023,72,6185,0.239830935670247,1265,0.049095707521540015,5351,0.23268252380745313,2765,0.25776079052857276,15522.741789134903,14,13.536344156750626
2023,73,6713,0.23329278887923544,1343,0.04664328135310666,4425,0.17230637436236906,2758,0.23464352560830357,14104.403822762815,9,16.297611096115315
